:020000040800F2
:10000000680E00205502000859520008E14A000815
:100010005552000889050008D1670008000000005B
:10002000000000000000000000000000D956000899
:10003000990B000800000000D5560008CD5A0008B2
:100040006F0200086F0200086F0200086F020008CC
:100050006F0200086F0200086F0200086F020008BC
:100060006F0200086F0200086F0200086F020008AC
:100070006F0200086F0200086F0200086F0200089C
:10008000990600086F0200086F0200086F0200085E
:100090008D0500086F0200086F0200086F0200085B
:1000A0006F0200086F0200086F0200086F0200086C
:1000B000A55B0008B55B00086F0200086F0200082E
:1000C0006F0200086F0200086F0200086F0200084C
:1000D0006F02000891670008A1670008B167000877
:1000E0006F0200086F0200086F0200086F0200082C
:1000F0006F0200086F0200086F0200086F0200081C
:100100006F0200086F0200086F0200086F0200080B
:10011000296200086F0200086F0200086F020008E1
:100120006F0200086F0200086F0200086F020008EB
:100130006F0200086F0200086F0200086F020008DB
:100140009D050008AD0500086F0200086F02000859
:100150006F0200086F0200086F020008C167000804
:100160006F0200086F0200086F0200086F020008AB
:100170006F0200086F0200086F0200080000000014
:100180006F0200086F02000800F002F800F052F859
:1001900014A696E8000CB244B344DA4501D100F04D
:1001A00049F8BAE80F000FA696E83000A5EB040561
:1001B00004EB0607AAEB0704A7F101074FEA1515A0
:1001C0004FEA3414A4F10104AC4201D300F032F838
:1001D00013F0010F18BFFB1A43F0010300F001F800
:1001E000DBE71847AC9A0000CC9A0000103A24BF15
:1001F00078C878C1FAD8520724BF30C830C144BF8C
:1002000004680C6070470000704700000023002461
:1002100000250026103A28BF78C1FBD8520728BF16
:1002200030C148BF0B6070471FB509F0E2FC1FBD2D
:1002300010B510BD00F002F91146FFF7F5FF07F009
:1002400043FC00F020F903B4FFF7F2FF03BC00F019
:1002500023F900000948804709480047FEE7FEE708
:10026000FEE7FEE7FEE7FEE7FEE7FEE7FEE7FEE766
:1002700004480549054A064B70470000915B000899
:100280008901000868080020680E0020680A002024
:10029000680A002053EA020C00F069802DE9F04B57
:1002A0004FF00006002B1FBFB3FA83F503FA05F4E5
:1002B00024FA05F65E4012BF1643B2FA82F502FA3E
:1002C00005F4C5F120051EBF22FA05FC44EA0C0422
:1002D000203556EA044C4FEA144418BF641C4FF012
:1002E00000084FF00009904271EB030C39D300294C
:1002F00019BFB1FA81F701FA07F6B0FA80F700FAF0
:1003000007F6C7F120071EBF20FA07FC46EA0C06D5
:100310002037B6FBF4FCA7EB0507103F07F01F0BD7
:10032000CBF120062CFA06F60CFA0BFB44BFB346C1
:100330000026202FA4BF5E464FF0000B5BEA060CA0
:1003400008BF4FF0010B19EB0B0948EB0608ABFB9C
:10035000027C06FB02CC0BFB03CCC01B71EB0C0137
:10036000C1E70B46024641464846BDE8F08B13B54F
:10037000084318BF4FF0FF300146AFF30080BDE8DF
:100380001C40704710B5431C02E010F8011B71B10E
:100390008107FAD14FF0013202C88C1A8C4314EA5B
:1003A000C211F9D0C01A0A0603D0C01E10BDC01A6F
:1003B00010BD0A0401D0801E10BD0902FCD0401EF1
:1003C00010BD4FF0000200B5134694469646203902
:1003D00022BFA0E80C50A0E80C50B1F12001BFF4FE
:1003E000F7AF090728BFA0E80C5048BF0CC05DF864
:1003F00004EB890028BF40F8042B08BF704748BFB2
:1004000020F8022B11F0804F18BF00F8012B704725
:1004100070477047704710B500F008F8006810BDCD
:1004200010B5044600F002F8046010BD00487047A3
:100430002800002000487047280000207546FFF77C
:10044000F9FFAE4605006946534620F00700854691
:1004500018B020B5FFF70CFFBDE820404FF00006B4
:100460004FF000074FF000084FF0000BAC46ACE82F
:10047000C009ACE8C009ACE8C009ACE8C00921F08B
:1004800007018D46704710B50446AFF30080204643
:10049000BDE81040FFF7D7BE01491820ABBEFEE70C
:1004A000260002007047000082B08DED010A9DED2C
:1004B000010A9FED0D1A80EE010A9FED0C1A20EE45
:1004C000010A9FED0B1A30EE010A8DED000A9DED39
:1004D000000A40F2F440C2F200000068BCEEC00A1C
:1004E00080ED0D0A02B07047000034430000FA446A
:1004F0000000FA4382B08DED010A9DED010A9FEDE7
:100500000D1A80EE010A9FED0C1A20EE010A9FEDF4
:100510000B1A30EE010A8DED000A9DED000A40F243
:100520003C50C2F200000068BCEEC00A80ED0D0A2B
:1005300002B07047000034430000FA440000FA4360
:1005400080B582B040F2F440C2F200000021019177
:1005500003F00AFB019940F23C50C2F2000003F0A4
:1005600003FB00F003F802B080BD000080B59FEDF2
:10057000040AFFF799FF9FED030AFFF7BBFF80BD59
:100580000000BE420000C842FFE7FEE780B540F22F
:100590004440C2F2000000F0BBFD80BD80B540F2D7
:1005A0006C40C2F2000000F0B3FD80BD80B540F2A7
:1005B0006C40C2F2000000F0ABFD80BD80B58EB093
:1005C00001210C9100200A900B9104900590069057
:1005D00007900990089040F24440C2F20000009059
:1005E00004A9019100F0B4FB009801F0BFF9009854
:1005F0000221029100F0D6FA01990E200D90099087
:1006000040F26C40C2F20000039000F0A1FB03989E
:1006100001F0ACF90299039800F0C4FA0EB080BD65
:1006200080B584B0ADF80E00ADF80C10ADF80A201E
:10063000ADF8083040F22041C2F200014FF40070E2
:10064000086000208860C860082008619DF80F00DD
:1006500040F2B832C2F2000210709DF80E005070E5
:100660009DF80D0090709DF80C00D0709DF80B0067
:1006700010719DF80A0050719DF8090090719DF865
:100680000800D07140F24440C2F2000001AB00F01B
:10069000B3FA04B080BD000080B540F29440C2F2CD
:1006A000000001F05DFA80BD82B0019001980078F1
:1006B00010384AF6AB21CAF6AA21A0FB01100009A6
:1006C0000090009949F68840C0F60000405C01990E
:1006D000C8650098042807D3FFE701990868042239
:1006E00062F30900886506E00199086840F2FF326C
:1006F00090438865FFE70198806D02B07047000065
:1007000086B0059000208DF813000598806A03904C
:100710000598806910BBFFE70398029003281BD857
:100720000299DFE801F0020D0218059890F82F00F9
:10073000C00720B1FFE701208DF81300FFE70CE0B0
:100740000598C06AB0F1C07F04D1FFE701208DF8A1
:100750001300FFE701E000E0FFE745E0059880694E
:10076000B0F5005F25D1FFE70398019003281ED85C
:100770000199DFE801F00206021101208DF8130053
:1007800016E0059890F82F00C00720B1FFE7012080
:100790008DF81300FFE70BE00598C06AB0F1C07F49
:1007A00004D1FFE701208DF81300FFE700E0FFE729
:1007B00019E003980090032804D3FFE7009803286A
:1007C00004D00EE001208DF813000BE0059890F89E
:1007D0002F00C00720B1FFE701208DF81300FFE7CD
:1007E00000E0FFE7FFE7FFE79DF8130006B0704762
:1007F00080B586B0059004910498007800F00F0051
:1008000005990870049800780009059948700498C3
:10081000B0F8010040BA03900499C8780979000142
:1008200040EA1110029004980179407901F00F011B
:1008300040EA0120019003989FED230ADFED230A8F
:10084000102107F081FE059880ED010A0298BBEEA9
:100850000E0AF3EE0E0A0C21009107F075FE0099C6
:10086000059880ED020A0198BAEE040AF2EE040A35
:1008700007F06AFE059880ED080A049880790599CA
:1008800008730498C07905994873059890ED021A89
:1008900090ED050A9FED0E2A21EE021A9FED0D2A1A
:1008A00020EE020A30EE010A80ED070A0599C869B8
:1008B0004861059890ED010A07F028FB059880ED46
:1008C000060A06B080BD00BFDB0F49C1DB0F4941FE
:1008D0009A99593F9A99193E81B041F20400CEF29B
:1008E000000000680090009840F2A001C2F20001F0
:1008F0000968884208D2FFE740F2A401C2F2000171
:10090000086801300860FFE7009840F2A001C2F2D9
:100910000001086001B0704783B08DED020A41F21A
:100920000400CEF200000068019002980090FFE7FA
:1009300041F20400CEF2000000680199401A00EE76
:10094000100AB8EE400A9DED001A40F28800C2F28B
:10095000000090ED002AB8EE422A21EE021AB4EE11
:10096000410AF1EE10FA01DAFFE7E1E703B0704760
:1009700080B584B0039041F20400CEF2000000681C
:100980000290029803990968401A00EE100AB8EE26
:10099000400A40F28800C2F2000090ED001AB8EE62
:1009A000411A80EE010A8DED010A02980399086050
:1009B000FFF792FF9DED010A04B080BD80B582B0C3
:1009C00000F06CF840F29830C2F2000090ED000A9E
:1009D000B8EE401A818800EE101AB8EEC00A9FEDFA
:1009E0000B2A20EE020A30EE011AC08800EE100A2F
:1009F000B8EEC00A9FED062A20EE020A30EE010A88
:100A00008DED010A9DED010A02B080BD6F12833A9F
:100A1000BD37863581B000904EF6FC51CEF2000114
:100A2000086840F08070086041F20401CEF20001D5
:100A30000020086041F20002CEF20002116841F08D
:100A400001011160009944F24022C0F20F024A43B2
:100A500040F28801C2F200010A600A6844F6D353EA
:100A6000C1F26203A2FB0332920940F28C03C2F28C
:100A700000031A6009684DF68362C4F21B32A1FBC1
:100A80000221890C40F29002C2F20002116040F291
:100A9000A401C2F20001086001B07047B0B586B091
:100AA00041F20400CEF2000000680590FFF714FF49
:100AB00040F2A400C2F200000168059800230293EE
:100AC0004FF0FF3C1A46E1FB0C0240F29801C2F2E3
:100AD000000100914A6008600868496840F2880493
:100AE000C2F200042268FFF7D5FB029B02468C4647
:100AF000009940F2A800C2F20000C0F804C00260F1
:100B0000D1F800C04968D0F800E042682468AEFB24
:100B100004E502FB0452BCEB0E0C61EB020240F256
:100B2000B001C2F200010391C1F800C04A60006840
:100B300040F29832C2F200020492106008684968DC
:100B400040F28C02C2F2000201921268FFF7A2FB8F
:100B5000DDF804C0029B049A014603989180016865
:100B600040689288DCF800C002FB0CF28A1A60F13F
:100B7000000040F2B801C2F200010A604860086853
:100B8000496840F29002C2F200021268FFF782FB4D
:100B90000499C88006B0B0BD7047000072B6FFE788
:100BA000FEE7000084B002900191029890F82000C6
:100BB0008DF803009DF80300012805D0FFE79DF89C
:100BC000030002280AD1FFE7019A029801684869E8
:100BD0001043486100208DF80F0008E00299486A30
:100BE00040F48020486201208DF80F00FFE79DF857
:100BF0000F0004B07047000088B006900591049281
:100C00000393069890F820008DF807000698006876
:100C1000806800900598806808B9FFE700E0FFE76A
:100C20009DF80700012806D0FFE79DF8070002287D
:100C300040F08080FFE79DF80300400700280CD4B7
:100C4000FFE79DF803000007002806D4FFE79DF8A2
:100C50000300C006002864D5FFE70098C0F30160D8
:100C600002900299012088400399086005988068E5
:100C700068B9FFE705980168C06840EA41500699E5
:100C80000968029A01EB0211C1F880010EE0059992
:100C90004A688868C96840EAC2000843069909683A
:100CA000029A01EB0211C1F88001FFE70598006983
:100CB00006990968029A01EB0211C1F884010598AE
:100CC000007D01280CD1FFE706980068029900EB2F
:100CD0000111D1F8840140F48070C1F88401FFE76C
:100CE0000498406806990968029A01EB0211C1F85C
:100CF0008C010498006806990968029A01EB0211B8
:100D0000C1F8880106980068029900EB0111D1F83A
:100D1000800140F00100C1F8800100208DF81F0023
:100D200011E00699486A40F40010486201208DF8ED
:100D30001F0008E00699486A40F4802048620120BC
:100D40008DF81F00FFE79DF81F0008B070470000F6
:100D500086B004900391049800680190049890F87C
:100D600020008DF803009DF80300012806D0FFE75E
:100D70009DF80300022840F0B080FFE746F20040F3
:100D8000C4F2000001900199D1F8000240F0010086
:100D9000C1F800020199D1F8000220F47C50C1F89A
:100DA00000020398426A0199D1F8000240EA022049
:100DB000C1F800020398406900F01F01012088403B
:100DC0000290029A0199D1F81C029043C1F81C02CA
:100DD0000398C069F0B9FFE7029A0199D1F80C02B3
:100DE0009043C1F80C02039A9088D168526940EA96
:100DF0000140019901EBC201C1F84002039A108839
:100E00009168526940EA0140019901EBC201C1F8C1
:100E10004402FFE70398C06901281ED1FFE7029A48
:100E20000199D1F80C021043C1F80C02039A908882
:100E30001168526940EA0140019901EBC201C1F811
:100E40004002039A90899168526940EA01400199F1
:100E500001EBC201C1F84402FFE70398806940B981
:100E6000FFE7029A0199D1F804029043C1F8040205
:100E700007E0029A0199D1F804021043C1F8040274
:100E8000FFE70398006940B9FFE7029A0199D1F89A
:100E900014029043C1F8140207E0029A0199D1F8B4
:100EA00014021043C1F81402FFE70398006A0128F6
:100EB00008D1FFE7029A0199D1F81C021043C1F84A
:100EC0001C02FFE70199D1F8000220F00100C1F8EF
:100ED000000200208DF8170008E00499486A40F4E9
:100EE0008020486201208DF81700FFE79DF8170069
:100EF00006B0704781B0009001B0704786B0049092
:100F0000039102920193049890F820008DF8030059
:100F10009DF80300012806D0FFE79DF80300022892
:100F200040F0E880FFE7039880B9FFE70498006885
:100F3000C068800748B9FFE70499486A40F4001088
:100F4000486201208DF81700DDE00FE0049800688A
:100F50000069800748B9FFE70499486A40F4001027
:100F6000486201208DF81700CDE0FFE70498006883
:100F7000039900EB0110D0F8B00100F004000299D1
:100F800088600298806858B9FFE704980068039960
:100F900000EB0110D0F8B001400D029908600AE0A2
:100FA00004980068039900EB0110D0F8B001C00864
:100FB00002994860FFE704980068039900EB01106C
:100FC000D0F8B00100F002000299C86004980068EF
:100FD000039900EB0110D0F8B40100F00F000828CD
:100FE00004D3FFE70299082008610BE00498006829
:100FF000039900EB0110D0F8B40100F00F00029942
:101000000861FFE704980068039900EB0110D0F82D
:10101000B40180B2000A02998861049800680399BB
:1010200000EB0110D0F8B401000C0299486104985B
:101030000068039900EB0110D0F8B801019908701D
:1010400004980068039900EB0110D0F8B801000A79
:101050000199487004980068039900EB0110D0F8DA
:10106000B801000C0199887004980068039900EB9E
:101070000110D0F8B801000E0199C87004980068FA
:10108000039900EB0110D0F8BC0101990871049894
:101090000068039900EB0110D0F8BC01000A019927
:1010A000487104980068039900EB0110D0F8BC0166
:1010B000000C0199887104980068039900EB0110F5
:1010C000D0F8BC01000E0199C871039838B9FFE748
:1010D00004980168C86840F02000C86006E00498E1
:1010E0000168086940F020000861FFE700208DF8E2
:1010F000170008E00499486A40F480204862012003
:101100008DF81700FFE79DF8170006B07047000044
:1011100080B58AB00990002008900998006840695D
:1011200007900998006840680690099800688068F0
:10113000059009980068C0680490099800680069E3
:10114000039009980068806902909DF81C00C00710
:10115000002800F09480FFE79DF81400C00758B302
:10116000FFE709980168012088609DF81400800756
:10117000002804D5FFE7099800F042FC1BE09DF829
:1011800014004007002805D5FFE7089840F40060E8
:1011900008900FE09DF814000007002805D5FFE730
:1011A000089840F48050089003E0099800F024FC6F
:1011B000FFE7FFE7FFE7FFE79DF81500C00760B313
:1011C000FFE7099801684FF4807088609DF815006A
:1011D0008007002804D5FFE7099800F019FC1BE000
:1011E0009DF815004007002805D5FFE7089840F452
:1011F000005008900FE09DF815000007002805D565
:10120000FFE7089840F48040089003E0099800F058
:10121000FBFBFFE7FFE7FFE7FFE79DF81600C007CE
:1012200060B3FFE7099801684FF4803088609DF84B
:1012300016008007002804D5FFE7099800F0F0FBAE
:101240001BE09DF816004007002805D5FFE7089829
:1012500040F4004008900FE09DF8160000070028B9
:1012600005D5FFE7089840F48030089003E009981E
:1012700000F0D2FBFFE7FFE7FFE7FFE7FFE79DF89E
:101280001C000007002810D5FFE79DF81000C006DD
:10129000002809D5FFE7089840F4007008900998E5
:1012A00001681020C860FFE7FFE79DF81C004007B9
:1012B00000280FD5FFE79DF810000007002808D58B
:1012C000FFE7099801680820C860099800F0D8FA7B
:1012D000FFE7FFE79DF81C00800700280BD5FFE71C
:1012E00009980068C068800720B1FFE7099800F0FE
:1012F000CBFAFFE7FFE79DF81C004006002810D559
:10130000FFE79DF80C00C006002809D5FFE7089804
:1013100040F4806008900998016810200861FFE798
:10132000FFE79DF81C00800600280FD5FFE79DF819
:101330000C000007002808D5FFE70998016808207D
:101340000861099800F006FBFFE7FFE79DF81C0025
:10135000C00600280BD5FFE70998006800698007E0
:1013600020B1FFE7099800F0F9FAFFE7FFE79DF8E1
:101370001E00800700280FD5FFE79DF81800C00663
:10138000002808D5FFE709980168102048600998EF
:1013900000F0E8FAFFE7FFE79DF81E00C00778B10C
:1013A000FFE79DF818000007002808D5FFE7099817
:1013B000016808204860099800F036FBFFE7FFE766
:1013C0009DF81D000006002840F18D80FFE79DF884
:1013D00018004007002840F18180FFE79DF81D00BC
:1013E000C00750B1FFE79DF80800C00728B1FFE72C
:1013F000089840F001000890FFE79DF81D00800765
:1014000000280BD5FFE79DF808008007002805D5C8
:10141000FFE7089840F002000890FFE79DF81D00E4
:10142000400700280BD5FFE79DF80800400700287B
:1014300005D5FFE7089840F004000890FFE79DF805
:101440001D000007002848D5FFE79DF8080010F0B0
:10145000700F42D0FFE7029800F070000146019142
:10146000102814D0FFE70198202815D0FFE7019835
:10147000302816D0FFE70198402817D0FFE70198E1
:10148000502818D0FFE70198602819D01DE008986F
:1014900040F00800089019E0089840F0100008900B
:1014A00014E0089840F0200008900FE0089840F001
:1014B000400008900AE0089840F08000089005E09D
:1014C000089840F48070089000E0FFE709980168F0
:1014D000886920F070008861FFE7FFE709980168DC
:1014E00004204860FFE7089848B1FFE7089A099987
:1014F000486A104348620998FFF7FCFCFFE70AB00E
:1015000080BD000080B584B00290029820B9FFE74A
:1015100001208DF80F00E0E0029890F8200020B93B
:10152000FFE7029800F0DEF8FFE70298016808681C
:1015300040F00100086000F089FF0190FFE7029889
:1015400000684068C007A8B9FFE700F07FFF019975
:10155000401A0B280DD3FFE70299486A40F4003087
:1015600048620299052081F8200001208DF80F00C3
:10157000B3E0E4E702980168086820F00200086020
:1015800000F064FF0190FFE7029800684068800760
:10159000002815D5FFE700F059FF0199401A0B28E4
:1015A0000DD3FFE70299486A40F40030486202997F
:1015B000052081F8200001208DF80F008DE0E3E781
:1015C0000298007E012807D1FFE7029801680868A9
:1015D00040F08000086006E002980168086820F08A
:1015E00080000860FFE70298407E012807D1FFE7EE
:1015F00002980168086840F04000086006E0029820
:101600000168086820F040000860FFE70298807ECB
:10161000012807D1FFE702980168086840F0200020
:10162000086006E002980168086820F02000086061
:10163000FFE70298C07E012807D1FFE70298016802
:10164000086820F01000086006E002980168086849
:1016500040F010000860FFE70298007F012807D1E2
:10166000FFE702980168086840F00800086006E09B
:1016700002980168086820F008000860FFE70298F7
:10168000407F012807D1FFE702980168086840F011
:101690000400086006E002980168086820F0040071
:1016A0000860FFE7029B19685A689868D3F80CC075
:1016B00040EA0C00D3F810C040EA0C005B69184304
:1016C000013A1043C861029900204862029A012140
:1016D00082F820108DF80F00FFE79DF80F0004B08E
:1016E00080BD000080B590B00F9000200E900D904E
:1016F0000C900B900A900F98006846F20041C4F2DB
:10170000000188424AD1FFE740F20C10C2F200000B
:101710000168013101600068012812D1FFE7FFE78D
:101720000020099043F64000C4F20200016841F035
:1017300000710160006800F0007009900998FFE7EF
:10174000FFE7FFE70020089043F63000C4F20200F4
:10175000016841F001010160006800F0010008909B
:101760000898FFE74FF4C0500A9002200B90002029
:1017700003900C9003200D9009200E900020C4F2DD
:1017800002000AA900F056FC039A142004900121DB
:1017900000F0F4FE049800F0E7FE6EE00F98006899
:1017A00046F60001C4F20001884265D1FFE7FFE779
:1017B0000020079043F64000C4F20200016841F0A7
:1017C00080610160006800F0806007900798FFE783
:1017D00040F20C10C2F200000168013101600068A3
:1017E000012812D1FFE7FFE70020069043F64000F2
:1017F000C4F20200016841F000710160006800F06D
:10180000007006900698FFE7FFE7FFE700200590CD
:1018100043F63000C4F20200016841F002010160A9
:10182000006800F0020005900598FFE74FF4405073
:101830000A9002200B90002001900C9003200D9044
:1018400009200E9040F20040C4F202000AA900F004
:10185000F1FB019A40200090114600F08FFE0098A5
:1018600000F082FE019A41200290114600F086FEAF
:10187000029800F079FEFFE7FFE710B080BD00009E
:1018800081B0009001B0704780B58EB00D900D987A
:1018900040F24441C2F2000188422ED1FFE70D9888
:1018A000002106AA04ABFFF729FB0698A0F201204D
:1018B000032820D8FFE70698411E40F20810C2F224
:1018C000000002900170007800EB400140F2C0304F
:1018D000C2F20000039000EBC10004A905F04CFE29
:1018E00002990398097801EB410100EBC100002146
:1018F00005F064FE00E0FFE72AE00D9840F26C413D
:10190000C2F20001884222D1FFE70D98002106AA09
:1019100004ABFFF7F3FA06980190112804D0FFE713
:101920000198122808D010E040F2C000C2F2000076
:1019300004A9FEF75DFF09E040F2C000C2F200001A
:10194000243004A9FEF754FF00E0FFE7FFE7FFE7BC
:101950000EB080BD81B0009001B0704781B00090A2
:1019600001B0704781B0009001B0704780B584B07D
:101970000290029890F8200001282FD1FFE70299E9
:10198000022081F8200002980168086820F0010018
:10199000086000F05BFD0190FFE702980068406876
:1019A000C007A8B1FFE700F051FD0199401A0B28CC
:1019B0000DD3FFE70299486A40F40030486202996B
:1019C000052081F8200001208DF80F000FE0E4E7EA
:1019D0000299002048628DF80F0008E00299486AD9
:1019E00040F40020486201208DF80F00FFE79DF8C9
:1019F0000F0004B080BD000081B0009001B07047BE
:101A000081B0009001B0704781B0009001B0704784
:101A100081B0009001B0704781B0009001B0704774
:101A200081B0009001B0704781B0009001B0704764
:101A300080B584B002900298806D019000F006FDA0
:101A40000090029890F8350002280DD0FFE7029927
:101A500080204865FFE70299002081F83400FFE705
:101A600001208DF80F0055E002980168086820F009
:101A70001600086002980168486920F080004861FB
:101A80000298006C20B9FFE70298806C38B1FFE73C
:101A900002980168086820F008000860FFE70298D3
:101AA0000168086820F001000860FFE702980068FC
:101AB0000068C007C8B1FFE700F0C8FC0099401AF1
:101AC000062811D3FFE702992020486502990320D8
:101AD00081F83500FFE70299002081F83400FFE724
:101AE00003208DF80F0015E0E0E70298C16D3F205C
:101AF0008840019988600299012081F83500FFE74C
:101B00000299002081F83400FFE7FFE700208DF8FC
:101B10000F00FFE79DF80F0004B080BD82B0009079
:101B2000009890F83500022807D0FFE70099802040
:101B3000486501208DF807000EE00099052081F826
:101B4000350000980168086820F001000860FFE790
:101B500000208DF80700FFE79DF8070002B07047EE
:101B600080B586B005900020039040F21400C2F2C8
:101B70000000006848F2B511C1F64E31A0FB01101B
:101B8000800A02900598806D019001980068049089
:101B900004980599C96DC840000700281AD5FFE7C9
:101BA0000598006800684007002812D5FFE70598EF
:101BB0000168086820F0040008600598C16D0820DD
:101BC0008840019988600599486D40F0010048659A
:101BD000FFE7FFE704980599C96DC840C007A0B1A9
:101BE000FFE7059800684069000600280CD5FFE76C
:101BF0000598C16D01208840019988600599486D5C
:101C000040F002004865FFE7FFE704980599C96DB9
:101C1000C8404007002814D5FFE705980068006811
:101C2000800700280CD5FFE70598C16D0420884087
:101C3000019988600599486D40F004004865FFE708
:101C4000FFE704980599C96DC840C006002847D52C
:101C5000FFE7059800680068000700283FD5FFE708
:101C60000598C16D1020884001998860059800682A
:101C70000068400300281AD5FFE70598006800684F
:101C80000003002809D4FFE70598006C20B1FFE7A6
:101C90000598016C8847FFE708E00598806C20B143
:101CA000FFE70598816C8847FFE7FFE716E0059896
:101CB00000680068C005002807D4FFE705980168A0
:101CC000086820F008000860FFE70598006C20B164
:101CD000FFE70598016C8847FFE7FFE7FFE7FFE7AD
:101CE00004980599C96DC8408006002840F18D8090
:101CF000FFE7059800680068C006002840F184806E
:101D0000FFE70598C16D20208840019988600598FB
:101D100090F83500052834D1FFE705980168086878
:101D200020F01600086005980168486920F08000DE
:101D300048610598006C20B9FFE70598806C38B1C0
:101D4000FFE705980168086820F008000860FFE7D1
:101D50000598C16D3F208840019988600599012050
:101D600081F83500FFE70599002081F83400FFE78E
:101D70000598006D20B1FFE70598016D8847FFE7E2
:101D80007BE0059800680068400300281AD5FFE74B
:101D90000598006800680003002809D4FFE705984B
:101DA000406C20B1FFE70598416C8847FFE708E0E9
:101DB0000598C06B20B1FFE70598C16B8847FFE726
:101DC000FFE720E0059800680068C005002811D4EE
:101DD000FFE705980168086820F010000860059981
:101DE000012081F83500FFE70599002081F83400D3
:101DF000FFE7FFE70598C06B20B1FFE70598C16BCF
:101E00008847FFE7FFE7FFE7FFE70598406DA0B3CE
:101E1000FFE70598406DC00730B3FFE7059905203F
:101E200081F8350005980168086820F00100086015
:101E3000FFE70398013003900299884201D9FFE738
:101E400007E0FFE7059800680068C0070028F0D1A8
:101E5000FFE70599012081F83500FFE7059900208B
:101E600081F83400FFE7FFE70598C06C20B1FFE779
:101E70000598C16C8847FFE7FFE706B080BD00000A
:101E800080B586B004900020039000F0DFFA029045
:101E9000049820B9FFE701208DF81700A3E004980B
:101EA000406A08B1FFE7FFE70499022081F8350096
:101EB000FFE70499002081F83400FFE704980168E7
:101EC000086820F001000860FFE7049800680068D7
:101ED000C00790B1FFE700F0B9FA0299401A06284E
:101EE0000AD3FFE70499202048650499032081F86C
:101EF00035008DF8170076E0E7E704980068006881
:101F00000390039848F23F01CFF21001084003907C
:101F1000049900914868D1F808C0CB680A6940EA82
:101F20000C00184310434A6910438A691043CA6978
:101F30001043096A01430398084303900498406AD8
:101F4000042808D1FFE70499C86A096B0143039884
:101F500008430390FFE70398049909680860049810
:101F6000006840690390039820F0070003900498EC
:101F7000416A0398084303900498406A04281AD1E0
:101F8000FFE70498816A0398084303900498C06AA5
:101F900080B1FFE70498FEF7B3FB50B1FFE7049967
:101FA000402048650499012081F835008DF817001C
:101FB00019E0FFE7FFE7039804990968486104986E
:101FC000FEF772FB01900498C16D3F208840019993
:101FD0008860049900204865049A012182F8351030
:101FE0008DF81700FFE79DF8170006B080BD0000D0
:101FF00080B584B0039000F029FA02900398019014
:102000000198013048B1FFE740F22000C2F2000021
:102010000178019808440190FFE7FFE700F016FA05
:102020000299401A0199884201D2FFE7F6E704B00D
:1020300080BD00008EB00D900C9100200A90099098
:1020400008900B90FFE70B980F2800F2CC81FFE778
:102050000B99012088400A900C9800680A99084062
:10206000099009980A99884240F0B881FFE70C98D6
:10207000406800F00300012807D0FFE70C98406893
:1020800000F0030002282FD1FFE70D988068089028
:102090000B984100032000FA01F10898884308904A
:1020A0000C98C0680B99490000FA01F108980843A0
:1020B000089008980D9988600D98406808900B99D1
:1020C000012000FA01F10898884308900C984068B4
:1020D000C0F300100B9900FA01F10898084308902A
:1020E00008980D994860FFE70C98406800F00300DD
:1020F000032818D0FFE70D98C06808900B9841009E
:10210000032000FA01F10898884308900C98806831
:102110000B99490000FA01F10898084308900898C3
:102120000D99C860FFE70C98406800F00300022892
:1021300026D1FFE70D980B996FF0030202EA5101D7
:102140000844006A08900B9800F0070081000F20F7
:1021500000FA01F10898884308900C9800690B99DF
:1021600001F00701890000FA01F10898084308907E
:1021700008980D990B9B02EA530211440862FFE78D
:102180000D98006808900B984100032000FA01F1B7
:102190000898884308900C98406800F003000B9959
:1021A000490000FA01F108980843089008980D9931
:1021B00008600C9880798007002800F00E81FFE706
:1021C000FFE70020079043F64400C4F202000168D4
:1021D00041F480410160006800F480400790079856
:1021E000FFE70B9820F0030043F60801C4F2010159
:1021F000405808900B9800F0030081000F2000FA6F
:1022000001F10898884308900D980021C4F202015A
:10221000884203D1FFE7002006905EE00D9840F26F
:102220000041C4F20201884203D1FFE7012005907A
:1022300050E00D9840F60001C4F20201884203D13B
:10224000FFE70220049042E00D9840F60041C4F2FE
:102250000201884203D1FFE70320039034E00D9888
:1022600041F20001C4F20201884203D1FFE70420D9
:10227000029026E00D9841F20041C4F2020188422A
:1022800003D1FFE70520019018E00D9841F6000109
:10229000C4F20201884203D1FFE7062000900AE061
:1022A0000D9941F60042C4F202020820914208BF93
:1022B00007200090FFE700980190FFE70198029047
:1022C000FFE702980390FFE703980490FFE7049864
:1022D0000590FFE705980690FFE70698C0B20B99B6
:1022E00001F00301890000FA01F108980843089001
:1022F00008980B9921F0030143F60802C4F2010289
:10230000885043F60840C4F201000068089009991B
:102310000898884308900C988079C006002805D555
:10232000FFE70999089808430890FFE7089843F6E3
:102330000841C4F20101086043F60C40C4F20100F8
:102340000068089009990898884308900C9880794B
:102350008006002805D5FFE70999089808430890EA
:10236000FFE7089843F60C41C4F20101086043F608
:102370000440C4F201000068089009990898884355
:1023800008900C9880798007002805D5FFE7099907
:10239000089808430890FFE7089843F60441C4F200
:1023A0000101086043F60040C4F201000068089093
:1023B00009990898884308900C988079C00728B13B
:1023C000FFE70999089808430890FFE7089843F643
:1023D0000041C4F201010860FFE7FFE7FFE70B9847
:1023E00001300B902FE60EB07047000082B00190D4
:1023F000ADF8021001980069BDF80210084204D03F
:10240000FFE701208DF8010003E000208DF80100B6
:10241000FFE79DF8010002B07047000082B0019014
:10242000ADF802108DF801209DF8010028B1FFE7FA
:10243000BDF802000199886105E0BDF802000004C2
:1024400001998861FFE702B07047000040F6600024
:10245000C2F200000068704740F22000C2F20000A3
:10246000027840F66001C2F200010868104408607A
:102470007047000080B543F60041C4F202010868CD
:1024800040F400700860086840F4806008600868E4
:1024900040F480700860032000F08AF80F2000F0FC
:1024A00005F800F03BF8002080BD000080B582B048
:1024B000009040F21400C2F20000006840F22001D7
:1024C000C2F200010A784FF47A71B1FBF2F1B0FB6D
:1024D000F1F000F0A5FD20B1FFE701208DF8070025
:1024E00018E000980F280DD8FFE700994FF0FF3053
:1024F000002200F043F8009840F22401C2F20001EB
:10250000086003E001208DF8070003E000208DF84B
:102510000700FFE79DF8070002B080BD82B0FFE72B
:102520000020019043F64400C4F20200016841F427
:1025300080410160006800F4804001900198FFE74D
:10254000FFE70020009043F64000C4F2020001685B
:1025500041F080510160006800F0805000900098C8
:10256000FFE702B07047000080B582B08DF8070029
:102570009DF9070004F04AFA02B080BD80B586B02C
:102580008DF81700049103920020029004F056FA8F
:1025900002909DF91700019002980499039A02F0A5
:1025A0005DFE0146019804F051FA06B080BD0000BE
:1025B00080B582B00190019804F06AFA02B080BD43
:1025C00080B584B002900191029820B9FFE7012004
:1025D0008DF80F0021E1019843F60041C4F2020199
:1025E000096801F00701884212D9FFE7019943F613
:1025F0000040C4F202000170006800F00700019979
:10260000884204D0FFE701208DF80F0005E1FFE7C5
:1026100002980078800700282AD5FFE70298007802
:102620004007002809D5FFE743F60801C4F202017C
:10263000086840F4E0500860FFE70298007800075F
:10264000002809D5FFE743F60801C4F20201086833
:1026500040F460400860FFE743F60801C4F202015D
:10266000086820F0F000029A926810430860FFE7C3
:1026700002980078C00700286ED0FFE702984068F3
:10268000012811D1FFE743F60000C4F20200006800
:1026900000F400310020B0EB514F04D1FFE70120DE
:1026A0008DF80F00B9E02CE002984068022805D0B0
:1026B000FFE702984068032811D1FFE743F60000C6
:1026C000C4F20200006800F000710020B0EB516F0E
:1026D00004D1FFE701208DF80F009EE010E043F6E3
:1026E0000000C4F20200006800F002010020B0EB1C
:1026F000510F04D1FFE701208DF80F008DE0FFE7B7
:10270000FFE743F60801C4F20201086820F0030065
:10271000029A526810430860FFF798FE0090FFE7A6
:1027200043F60800C4F20200006800F00C000299B1
:102730004968B0EB810F0ED0FFE7FFF787FE0099E5
:10274000401A41F28931884204D3FFE703208DF813
:102750000F0062E0E4E7FFE7019843F60041C4F2AE
:102760000201096801F00701884212D2FFE70199CE
:1027700043F60040C4F202000170006800F0070058
:102780000199884204D0FFE701208DF80F0044E052
:10279000FFE702980078400700280CD5FFE743F6D2
:1027A0000801C4F20201086820F4E050029AD268DD
:1027B00010430860FFE702980078000700280DD555
:1027C000FFE743F60801C4F20201086820F4604004
:1027D000029A126940EAC2000860FFE700F04CF874
:1027E00043F60801C4F202010968C9B20A0949F6B0
:1027F0007041C0F60001895CC84040F21401C2F289
:102800000001086040F22400C2F200000068FFF7F7
:102810004DFE00208DF80F00FFE79DF80F0004B07B
:1028200080BD000040F21400C2F200000068704752
:1028300080B5FFF7F7FF43F60801C4F2020109680B
:10284000C1F3822249F68041C0F60001895CC8408C
:1028500080BD000080B5FFF7E5FF43F60801C4F234
:102860000201096889B24A0B49F68041C0F60001AD
:10287000895CC84080BD000080B586B0002005900E
:1028800004900390029043F60800C4F2020000682E
:1028900000F00C000146019140B1FFE701980428C7
:1028A0000AD0FFE7019808280CD04FE042F2004020
:1028B000C0F2F40002904FE047F64000C0F27D10F5
:1028C000029049E043F60400C4F20200016801F0FE
:1028D0003F01059100684002002813D5FFE743F649
:1028E0000400C4F202000068C0F3881047F64001FB
:1028F000C0F27D11A0FB0101059A0023FDF7CAFC7F
:10290000049012E043F60400C4F202000068C0F331
:10291000881042F20041C0F2F401A0FB0101059AC7
:102920000023FDF7B7FC0490FFE743F60400C4F270
:102930000200006800F44031022000EBD130039027
:1029400004980399B0FBF1F0029005E042F20040D8
:10295000C0F2F4000290FFE7029806B080BD0000CC
:1029600080B586B00490049820B9FFE701208DF867
:10297000170050E304980078C007002800F0A580F5
:10298000FFE743F60800C4F20200006800F00C0004
:10299000042813D0FFE743F60800C4F202000068E1
:1029A00000F00C0008281ED1FFE743F60400C4F233
:1029B000020000684002002815D5FFE743F600003A
:1029C000C4F20200006800F400310020B0EB514F67
:1029D00008D0FFE70498406820B9FFE701208DF890
:1029E000170018E370E0FFE704984068B0F5803FF7
:1029F00009D1FFE743F60001C4F20201086840F480
:102A00008030086020E004984068B0F5A02F0DD118
:102A1000FFE743F60001C4F20201086840F4802099
:102A20000860086840F4803008600CE043F600015C
:102A3000C4F20201086820F480300860086820F4BD
:102A400080200860FFE7FFE7FFE704984068E8B1EF
:102A5000FFE7FFF7FBFC0390FFE743F60000C4F23B
:102A60000200006800F400310020B0EB514F0CD19F
:102A7000FFE7FFF7EBFC0399401A652804D3FFE753
:102A800003208DF81700C6E2E7E71CE0FFF7DEFC45
:102A90000390FFE743F60000C4F20200006800F470
:102AA00000310020B0EB514F0CD0FFE7FFF7CEFC18
:102AB0000399401A652804D3FFE703208DF8170017
:102AC000A9E2E7E7FFE7FFE7FFE704980078800760
:102AD000002840F19680FFE743F60800C4F20200A8
:102AE000006810F00C0F13D0FFE743F60800C4F2A3
:102AF0000200006800F00C0008282CD1FFE743F624
:102B00000400C4F2020000684002002823D4FFE75A
:102B100043F60000C4F20200006800F00201002049
:102B2000B0EB510F09D0FFE70498C068012804D02A
:102B3000FFE701208DF817006DE243F60001C4F2B3
:102B40000201086820F0F800049A126940EAC20005
:102B50000860FFE754E00498C06870B3FFE7002105
:102B6000C4F2472101200860FFF770FC0390FFE7E3
:102B700043F60000C4F20200006800F002010020E9
:102B8000B0EB510F0CD1FFE7FFF760FC0399401A3F
:102B9000032804D3FFE703208DF817003BE2E7E7A3
:102BA00043F60001C4F20201086820F0F800049A1C
:102BB000126940EAC200086021E00021C4F2472106
:102BC00000200860FFF742FC0390FFE743F6000097
:102BD000C4F20200006800F002010020B0EB510FC7
:102BE0000CD0FFE7FFF732FC0399401A032804D307
:102BF000FFE703208DF817000DE2E7E7FFE7FFE7A7
:102C0000FFE704980078000700284BD5FFE70498F9
:102C1000406918B3FFE740F68061C4F24721012004
:102C20000860FFF713FC0390FFE743F67400C4F25B
:102C30000200006800F002010020B0EB510F0CD13F
:102C4000FFE7FFF703FC0399401A032804D3FFE7CB
:102C500003208DF81700DEE1E7E722E040F680610F
:102C6000C4F2472100200860FFF7F0FB0390FFE764
:102C700043F67400C4F20200006800F00201002074
:102C8000B0EB510F0CD0FFE7FFF7E0FB0399401AC0
:102C9000032804D3FFE703208DF81700BBE1E7E723
:102CA000FFE7FFE7049800784007002840F1CE8056
:102CB000FFE700208DF8070043F64000C4F2020051
:102CC0000068C000002815D4FFE7FFE7002000904F
:102CD00043F64000C4F20200016841F080510160F7
:102CE000006800F0805000900098FFE701208DF808
:102CF0000700FFE747F20000C4F200000068C005CB
:102D0000002822D4FFE747F20001C4F2000108685E
:102D100040F480700860FFF799FB0390FFE747F2EB
:102D20000000C4F200000068C00500280CD4FFE7D2
:102D3000FFF78CFB0399401A032804D3FFE7032015
:102D40008DF8170067E1EAE7FFE7FFE7049880687E
:102D5000012809D1FFE743F67001C4F202010868B7
:102D600040F0010008601FE00498806805280DD13C
:102D7000FFE743F67001C4F20201086840F0040066
:102D80000860086840F0010008600CE043F670013C
:102D9000C4F20201086820F001000860086820F011
:102DA00004000860FFE7FFE7FFE704988068F8B1D8
:102DB000FFE7FFF74BFB0390FFE743F67000C4F219
:102DC0000200006800F002010020B0EB510F0ED1AC
:102DD000FFE7FFF73BFB0399401A41F28931884234
:102DE00004D3FFE703208DF8170014E1E5E71EE0A8
:102DF000FFF72CFB0390FFE743F67000C4F20200DC
:102E0000006800F002010020B0EB510F0ED0FFE788
:102E1000FFF71CFB0399401A41F28931884204D321
:102E2000FFE703208DF81700F5E0E5E7FFE79DF8E1
:102E30000700012809D1FFE743F64001C4F202016F
:102E4000086820F080500860FFE7FFE70498806979
:102E5000002800F0DC80FFE743F60800C4F202001F
:102E6000006800F00C00082800F08580FFE7049857
:102E7000806902285CD1FFE76021C4F2472100206D
:102E80000860FFF7E3FA0390FFE743F60000C4F29F
:102E90000200006800F000710020B0EB516F0CD010
:102EA000FFE7FFF7D3FA0399401A032804D3FFE79B
:102EB00003208DF81700AEE0E7E70499C869D1F860
:102EC00020C04B6A8A6A40EA0C0040EA8310D203B1
:102ED0004FF6FF739A43A2F580321043C96A40EA65
:102EE000016043F60401C4F2020108606021C4F2EB
:102EF000472101200860FFF7A9FA0390FFE743F696
:102F00000000C4F20200006800F000710020B0EB85
:102F1000516F0CD1FFE7FFF799FA0399401A032884
:102F200004D3FFE703208DF8170074E0E7E721E002
:102F30006021C4F2472100200860FFF787FA039060
:102F4000FFE743F60000C4F20200006800F00071E1
:102F50000020B0EB516F0CD0FFE7FFF777FA039931
:102F6000401A032804D3FFE703208DF8170052E02E
:102F7000E7E7FFE74AE004988069012804D1FFE70A
:102F800001208DF8170046E043F60400C4F2020069
:102F90000068029004988069012831D0FFE7029808
:102FA00000F480000499C969884229D1FFE702989A
:102FB00000F03F000499096A884221D1FFE7029896
:102FC00047F6C07108400499496AB0EB811F17D1D8
:102FD000FFE7029800F440300499896AC9034FF66C
:102FE000FF729143A1F58031884209D1FFE7029831
:102FF00000F070600499C96AB0EB016F04D0FFE77C
:1030000001208DF8170006E0FFE7FFE7FFE700204B
:103010008DF81700FFE79DF8170006B080BD00008F
:1030200080B582B00190019802F026FD02B080BD0B
:1030300081B0009001B0704781B0009001B070473E
:1030400084B00290019100200090FFE7029890F870
:103050003C00012804D1FFE702208DF80F0044E076
:103060000299012081F83C00FFE7FFE7009820F07B
:10307000FF000199C96808430090009820F440704F
:103080000199896808430090009820F480600199B4
:10309000496808430090009820F40060019909688D
:1030A00008430090009820F4805001990969084372
:1030B0000090009820F4005001994969084300905D
:1030C000009820F480400199C96908430090009855
:1030D000029909684864FFE70299002081F83C00E2
:1030E000FFE700208DF80F00FFE79DF80F0004B008
:1030F0007047000085B003900291FFE7039890F8B5
:103100003C00012804D1FFE702208DF813007EE087
:103110000399012081F83C00FFE7FFE703990220B3
:1031200081F83D00039800684068019003980068AA
:1031300080680090019820F070000190029801686A
:103140000198084301900198039909684860039821
:1031500000680021C4F2010188423CD0FFE70398D7
:103160000068B0F1804F36D0FFE70398006840F266
:103170000041C4F2000188422DD0FFE703980068A7
:1031800040F60001C4F20001884224D0FFE7039812
:10319000006840F60041C4F2000188421BD0FFE7FE
:1031A0000398006840F20041C4F20101884212D045
:1031B000FFE70398006844F20001C4F2010188426D
:1031C00009D0FFE70398006841F60001C4F200014E
:1031D00088420ED1FFE7009820F08000009002980E
:1031E0004168009808430090009803990968886036
:1031F000FFE70399012081F83D00FFE703990020D4
:1032000081F83C00FFE700208DF81300FFE79DF8F0
:10321000130005B07047000080B582B000900098A0
:1032200020B9FFE701208DF807003FE0009890F8F3
:103230003D0040B9FFE70099002081F83C0000986C
:1032400000F038F8FFE70099022081F83D0000996E
:1032500051F8040B02F0B6FC0099012081F84600F9
:10326000FFE70099012081F83E00009981F83F00B6
:10327000009981F84000009981F84100FFE7FFE7DD
:103280000099012081F84200009981F843000099DB
:1032900081F84400009981F84500FFE7009901207A
:1032A00081F83D0000208DF80700FFE79DF807003A
:1032B00002B080BD80B586B0059005980068B0F179
:1032C000804F1BD1FFE7FFE70020049043F640004A
:1032D000C4F20200016841F001010160006800F0E1
:1032E000010004900498FFE71C20019001210022B6
:1032F000FFF744F90198FFF737F940E005980068B7
:1033000040F20041C4F2000188421BD1FFE7FFE711
:103310000020039043F64000C4F20200016841F02F
:1033200002010160006800F0020003900398FFE7CB
:103330001D20009001210022FFF720F90098FFF7DF
:1033400013F91BE00598006840F60001C4F2000183
:10335000884212D1FFE7FFE70020029043F64000C9
:10336000C4F20200016841F004010160006800F04D
:10337000040002900298FFE7FFE7FFE7FFE706B0CF
:1033800080BD000083B00190019890F83D000128B5
:1033900004D0FFE701208DF80B006AE001990220BC
:1033A00081F83D0001980168C86840F00100C860DC
:1033B000019800680021C4F2010188423CD0FFE777
:1033C00001980068B0F1804F36D0FFE7019800689F
:1033D00040F20041C4F2000188422DD0FFE701987D
:1033E000006840F60001C4F20001884224D0FFE7E3
:1033F0000198006840F60041C4F2000188421BD0E9
:10340000FFE70198006840F20041C4F201018842E0
:1034100012D0FFE70198006844F20001C4F20101F4
:10342000884209D0FFE70198006841F60001C4F224
:103430000001884212D1FFE701980068806800F01F
:10344000070000900098062807D0FFE70198016860
:10345000086840F001000860FFE706E00198016895
:10346000086840F001000860FFE700208DF80B00BD
:10347000FFE79DF80B0003B07047000080B586B0F1
:103480000490039100208DF80B00FFE7049890F85A
:103490003C00012804D1FFE702208DF81700ABE0C3
:1034A0000499012081F83C00FFE7FFE7049902201E
:1034B00081F83D000498006880680190019820F030
:1034C00077000190019820F47F40019001980499C1
:1034D00009688860039800680090002872D0FFE7B0
:1034E000009810286ED0FFE7009820286AD0FFE7E8
:1034F0000098302866D0FFE70098402855D0FFE7B5
:103500000098502837D0FFE70098602840D0FFE7A8
:10351000009870280BD0FFE70098B0F5805F05D0C9
:10352000FFE70098B0F5005F16D052E055E0049830
:103530000068039B5A689968DB6802F037FC0498BE
:10354000006880680190019840F077000190019830
:1035500004990968886040E004980068039B5A68F1
:103560009968DB6802F022FC04980168886840F4DE
:103570008040886031E004980068039A5168D268FE
:1035800002F000FE04980068502102F029FC24E0BB
:1035900004980068039A5168D26802F01BFE0498F0
:1035A0000068602102F01CFC17E004980068039A90
:1035B0005168D26802F0E6FD04980068402102F0EC
:1035C0000FFC0AE0049800680399096802F008FCFF
:1035D00003E001208DF80B00FFE70499012081F83A
:1035E0003D00FFE70499002081F83C00FFE79DF8CB
:1035F0000B008DF81700FFE79DF8170006B080BD9F
:1036000081B0009001B0704780B584B003900398FA
:103610000068C068029003980068006901909DF8F6
:1036200004008007002824D5FFE79DF808008007E4
:1036300000281DD5FFE7039801686FF002000861BC
:10364000039901200877039800688069800720B1FA
:10365000FFE70398FFF7D4FF06E0039800F06EF948
:10366000039800F07DFAFFE7039900200877FFE751
:10367000FFE79DF804004007002825D5FFE79DF8E7
:103680000800400700281ED5FFE7039801686FF087
:103690000400086103990220087703980068806994
:1036A00010F4407F04D0FFE70398FFF7A9FF06E07E
:1036B000039800F043F9039800F052FAFFE70399EA
:1036C00000200877FFE7FFE79DF8040000070028C7
:1036D00024D5FFE79DF80800000700281DD5FFE767
:1036E000039801686FF008000861039904200877C7
:1036F00003980068C069800720B1FFE70398FFF7CF
:103700007FFF06E0039800F019F9039800F028FA0B
:10371000FFE7039900200877FFE7FFE79DF8040023
:10372000C006002825D5FFE79DF80800C006002840
:103730001ED5FFE7039801686FF010000861039938
:103740000820087703980068C06910F4407F04D00F
:10375000FFE70398FFF754FF06E0039800F0EEF848
:10376000039800F0FDF9FFE7039900200877FFE7D1
:10377000FFE79DF80400C00778B1FFE79DF8080057
:10378000C00748B1FFE7039801686FF001000861C6
:10379000039800F0CFFAFFE7FFE79DF8040000066A
:1037A000002810D5FFE79DF808000006002809D57D
:1037B000FFE7039801686FF0800008610398FFF746
:1037C00037FCFFE7FFE79DF804004006002810D50E
:1037D000FFE79DF808004006002809D5FFE7039899
:1037E00001686FF040000861039800F0B7FAFFE746
:1037F000FFE79DF804008006002810D5FFE79DF83C
:1038000008008006002809D5FFE7039801686FF0DB
:10381000200008610398FFF70FFCFFE7FFE704B003
:1038200080BD000080B58AB0099000200890079004
:10383000069005900490099800680021C4F20101E7
:10384000884223D1FFE7FFE70020039043F63000D2
:10385000C4F20200016841F010010160006800F04C
:10386000100003900398FFE74FF4007004900220CB
:1038700005900020069007900120089041F200007A
:10388000C4F2020004A9FEF7D5FB54E009980068D1
:10389000B0F1804F22D1FFE7FFE70020029043F60E
:1038A0003000C4F20200016841F0010101600068CB
:1038B00000F0010002900298FFE74FF400400490EE
:1038C000022005900020069007900120089000201B
:1038D000C4F2020004A9FEF7ADFB2BE009980068D2
:1038E00040F60001C4F20001884222D1FFE7FFE761
:1038F0000020019043F63000C4F20200016841F05C
:1039000002010160006800F0020001900198FFE7E9
:103910004FF4007004900220059000210691079159
:10392000089040F20040C4F2020004A9FEF782FBB6
:10393000FFE7FFE7FFE70AB080BD000081B000901D
:1039400001B0704780B586B00490039102920020C8
:103950008DF80700FFE7049890F83C00012804D197
:10396000FFE702208DF8170089E00499012081F813
:103970003C00FFE7FFE7029800900C2800F27080FF
:103980000099DFE801F0076D6D6D206D6D6D3A6D8A
:103990006D6D530004980068039902F037FA04989B
:1039A0000168886940F008008861049801688869A6
:1039B00020F004008861039802690498016888690E
:1039C0001043886150E004980068039902F094FA6B
:1039D00004980168886940F400608861049801686F
:1039E000886920F4806088610398026904980168FE
:1039F000886940EA0220886136E0049800680399EB
:103A000002F0F4FA04980168C86940F00800C8613F
:103A100004980168C86920F00400C861039802692D
:103A200004980168C8691043C8611DE004980068E3
:103A3000039902F055FB04980168C86940F40060DE
:103A4000C86104980168C86920F48060C86103985F
:103A5000026904980168C86940EA0220C86103E06D
:103A600001208DF80700FFE7FFE70499002081F8A7
:103A70003C00FFE79DF807008DF81700FFE79DF871
:103A8000170006B080BD000080B582B0009000989D
:103A900020B9FFE701208DF807003FE0009890F87B
:103AA0003D0040B9FFE70099002081F83C000098F4
:103AB00000F038F8FFE70099022081F83D000099F6
:103AC00051F8040B02F07EF80099012081F84600BD
:103AD000FFE70099012081F83E00009981F83F003E
:103AE000009981F84000009981F84100FFE7FFE765
:103AF0000099012081F84200009981F84300009963
:103B000081F84400009981F84500FFE70099012001
:103B100081F83D0000208DF80700FFE79DF80700C1
:103B200002B080BD82B00190019800680021C4F20B
:103B30000101884212D1FFE7FFE70020009043F621
:103B40004400C4F20200016841F001010160006814
:103B500000F0010000900098FFE7FFE702B0704717
:103B600081B0009001B0704780B58CB00A90099187
:103B7000099828B9FFE70A9890F83E0007901CE0E2
:103B80000998042805D1FFE70A9890F83F000690AD
:103B900010E00998082805D1FFE70A9890F840003E
:103BA000059004E00A9890F841000590FFE7059819
:103BB0000690FFE706980790FFE70798012804D0D2
:103BC000FFE701208DF82F00AFE0099828B9FFE743
:103BD0000A99022081F83E001EE00998042806D1C7
:103BE000FFE70A99022081F83F00049012E009984B
:103BF000082806D1FFE70A99022081F840000390C7
:103C000005E00A99022081F841000390FFE703983C
:103C10000490FFE70498FFE70A98006809990122D9
:103C2000019202F0A7F801980A9909680022C4F2EB
:103C30000102914202900CD0FFE70A9800684FF60B
:103C40000041CBF6FE710844B0FA80F040090290C2
:103C5000FFE70298C00738B1FFE70A980168486C8F
:103C600040F400404864FFE70A9800680021C4F26D
:103C7000010188423CD0FFE70A980068B0F1804F0C
:103C800036D0FFE70A98006840F20041C4F2000114
:103C900088422DD0FFE70A98006840F60001C4F280
:103CA0000001884224D0FFE70A98006840F60041EE
:103CB000C4F2000188421BD0FFE70A98006840F276
:103CC0000041C4F20101884212D0FFE70A9800685F
:103CD00044F20001C4F20101884209D0FFE70A98CA
:103CE000006841F60001C4F20001884212D1FFE7EA
:103CF0000A980068806800F0070008900898062875
:103D000007D0FFE70A980168086840F001000860E2
:103D1000FFE706E00A980168086840F001000860C3
:103D2000FFE700208DF82F00FFE79DF82F000CB073
:103D300080BD000080B582B00190019840F28451AE
:103D4000C2F20001884207D1FFE740F21D00C2F233
:103D5000000004F061FEFFE702B080BD81B000907A
:103D600001B0704782B00190ADF8021002B0704708
:103D700080B584B003900398006844F20041C4F217
:103D80000001884236D1FFE7FFE700200290039848
:103D900000680068029003980068406802900298EA
:103DA000FFE7FFE70020019003980068006801909A
:103DB00003980068406801900198FFE7FFE7002042
:103DC00000900398006800680090039800684068BD
:103DD00000900098FFE740F2D070C2F20000B0F807
:103DE0008010014440F21460C2F20000012200F091
:103DF00071FCFFE704B080BD80B592B011901198BE
:103E000000680068109011980068C0680F901198C1
:103E1000006840690E9000200D900C90109800F002
:103E20000F000D900D9888B9FFE79DF840008006BF
:103E300000280AD5FFE79DF83C008006002804D53D
:103E4000FFE7119802F066FAEAE1FFE70D98002813
:103E500000F0C280FFE79DF83800C00738B9FFE7DF
:103E6000BDF83C0010F4907F00F0B680FFE79DF8AD
:103E70004000C00758B1FFE79DF83D00C00730B1D2
:103E8000FFE71199486C40F001004864FFE79DF896
:103E90004000400700280BD5FFE79DF83800C00719
:103EA00030B1FFE71199486C40F002004864FFE729
:103EB0009DF84000800700280BD5FFE79DF83800EB
:103EC000C00730B1FFE71199486C40F00400486426
:103ED000FFE79DF840000007002811D5FFE79DF897
:103EE0003C008006002805D4FFE79DF83800C00795
:103EF00030B1FFE71199486C40F008004864FFE7D3
:103F00001198406C002866D0FFE79DF840008006BD
:103F100000280AD5FFE79DF83C008006002804D55C
:103F2000FFE7119802F0F6F9FFE711980068406981
:103F3000C0F380100C901198406C0007002804D446
:103F4000FFE70C9800283ED0FFE7119802F084F9B3
:103F5000119800684069400600282FD5FFE7FFE769
:103F6000FFE71198006850E8050F20F040000B9023
:103F7000FFE70B991198026842E805100028F0D17C
:103F8000FFE7FFE71198C06B98B1FFE71198C16B8D
:103F900046F23920C0F6000008651198C06BFDF7A5
:103FA000BDFD28B1FFE71198C06B016D8847FFE7A1
:103FB00003E01198FFF7DCFEFFE703E01198FFF73D
:103FC000D7FEFFE706E01198FFF7D2FE1199002017
:103FD0004864FFE7FFE723E11198006B012840F0F8
:103FE000FF80FFE79DF84000C006002840F1F88000
:103FF000FFE79DF83C00C006002840F1F180FFE794
:10400000FFE700200A901198006800680A90119854
:10401000006840680A900A98FFE7119800684069B4
:104020004006002840F18280FFE71198C06B0068CD
:104030004068ADF82600BDF82600002875D0FFE7DF
:10404000BDF826001199898D88426EDAFFE7BDF828
:1040500026001199C8851198C06BC069B0F5807FA2
:1040600058D0FFE7FFE7FFE71198006850E8030F1B
:1040700020F480700890FFE708991198026842E8E0
:1040800003100028F0D1FFE7FFE7FFE7FFE71198F3
:10409000006850E8050F20F001000790FFE707993E
:1040A0001198026842E805100028F0D1FFE7FFE709
:1040B000FFE7FFE71198006850E8050F20F0400087
:1040C0000690FFE706991198026842E8051000285B
:1040D000F0D1FFE7FFE71199202081F84200119904
:1040E00000200863FFE7FFE71198006850E8030F1E
:1040F00020F010000590FFE705991198026842E84A
:1041000003100028F0D1FFE7FFE71198C06BFDF71F
:104110008FFCFFE71199022048631198818DC28DB1
:10412000891A89B2FFF71EFEFFE779E01199888DA1
:10413000C98D401AADF812001198C08D00284ED0DC
:10414000FFE7BDF81200002849D0FFE7FFE7FFE7CF
:104150001198006850E8030F20F490700390FFE777
:1041600003991198026842E803100028F0D1FFE794
:10417000FFE7FFE7FFE71198006850E8050F20F020
:1041800001000290FFE702991198026842E80510C9
:104190000028F0D1FFE7FFE71199202081F84200C5
:1041A000119900200863FFE7FFE71198006850E8C5
:1041B000030F20F010000190FFE7019911980268A9
:1041C00042E803100028F0D1FFE7FFE71199022031
:1041D00048631198BDF81210FFF7C4FDFFE71FE018
:1041E0009DF84000000600280AD5FFE79DF83C0036
:1041F0000006002804D5FFE7119802F011FA0FE03D
:104200009DF84000400600280AD5FFE79DF83C00D5
:104210004006002804D5FFE7119802F067F8FFE791
:1042200012B080BD80B582B00090009820B9FFE741
:1042300001208DF8070040E00098806908B1FFE791
:1042400000E0FFE7009890F8410040B9FFE70099CF
:10425000002081F84000009800F034F8FFE7009952
:10426000242081F8410000980168C86820F40050BB
:10427000C860009802F004F900980168086920F409
:104280009040086100980168486920F02A00486160
:1042900000980168C86840F40050C8600099002088
:1042A0004864009A202182F84110009A82F8421056
:1042B000009948638DF80700FFE79DF8070002B0FA
:1042C00080BD000080B5A4B02390002022902190F2
:1042D00020901F901E902398006844F60041C4F27D
:1042E000000188423FD1FFE7FFE700201D9043F621
:1042F0004000C4F20200016841F40021016000683E
:1043000000F400201D901D98FFE7FFE700201C909F
:1043100043F63000C4F20200016841F0040101607C
:10432000006800F004001C901C98FFE74FF4406008
:104330001E9002201F9000200F90209003202190BB
:104340000820229040F60000C4F202001EA9FDF7EA
:1043500071FE0F9A342010900121FEF70FF910988A
:10436000FEF702F9B3E12398006845F20001C4F2B8
:104370000001884260D1FFE7FFE700201B9043F671
:104380004000C4F20200016841F48011016000683D
:1043900000F480101B901B98FFE7FFE700201A90A5
:1043A00043F63000C4F20200016841F004010160EC
:1043B000006800F004001A901A98FFE7FFE7002059
:1043C000199043F63000C4F20200016841F0080180
:1043D0000160006800F0080019901998FFE74FF499
:1043E00080501E9002200A901F9000200B90209079
:1043F00003200C90219008200D90229040F60000A0
:10440000C4F202001EA90E91FDF714FEDDF828C0CB
:104410000B9B0C9A0D980E994FF0040ECDF878E096
:10442000CDF87CC020932192229040F60040C4F247
:104430000200FDF7FFFD49E12398006841F2000109
:10444000C4F2010188423ED1FFE7FFE70020189047
:1044500043F64400C4F20200016841F0100101601B
:10446000006800F0100018901898FFE7FFE70020A0
:10447000179043F63000C4F20200016841F00101D8
:104480000160006800F0010017901798FFE74FF4F3
:10449000C0601E9002201F900020089020900320F2
:1044A0002190072022900020C4F202001EA9FDF7EF
:1044B000C1FD089A252009900121FEF75FF80998AF
:1044C000FEF752F801E12398006844F20041C4F27B
:1044D0000001884267D1FFE7FFE70020169043F60E
:1044E0004000C4F20200016841F40031016000683C
:1044F00000F4003016901698FFE7FFE700201590B3
:1045000043F63000C4F20200016841F00801016086
:10451000006800F0080015901598FFE760201E90D5
:1045200002201F9000200690209003202190072059
:10453000229040F60040C4F202001EA9FDF77AFD69
:10454000069940F29440C2F20000079046F28802B9
:10455000C4F2020202604FF0006242608160C160FA
:104560004FF48062026141618161C1610162416217
:10457000FDF786FC18B1FFE7FCF710FBFFE7FFE74C
:10458000239840F29441C2F20001C16323988863EA
:10459000FFE72620059000221146FDF7EFFF059862
:1045A000FDF7E2FF90E02398006844F60001C4F2B2
:1045B000000188423FD1FFE7FFE70020149043F657
:1045C0004000C4F20200016841F4802101600068EB
:1045D00000F4802014901498FFE7FFE70020139068
:1045E00043F63000C4F20200016841F008010160A6
:1045F000006800F0080013901398FFE74FF4407034
:104600001E9002201F9000200390209003202190F4
:104610000720229040F60040C4F202001EA9FDF7D8
:1046200009FD039A272004901146FDF7A7FF04987F
:10463000FDF79AFF47E02398006841F20041C4F279
:10464000010188423ED1FFE7FFE70020129043F6C8
:104650004400C4F20200016841F0200101600068DA
:1046600000F0200012901298FFE7FFE70020119061
:1046700043F63000C4F20200016841F00401016019
:10468000006800F0040011901198FFE7C0201E9010
:1046900002201F90002001902090032021900820EC
:1046A000229040F60000C4F202001EA9FDF7C2FCF1
:1046B000019A472002901146FDF760FF0298FDF72E
:1046C00053FFFFE7FFE7FFE7FFE7FFE7FFE724B060
:1046D00080BD000080B584B002900191ADF8022049
:1046E000029890F84200202817D1FFE7019820B1E6
:1046F000FFE7BDF8020020B9FFE701208DF80F00A9
:104700000FE002990020086302980199BDF8022089
:1047100001F054FF8DF80F0003E002208DF80F0028
:10472000FFE79DF80F0004B080BD000080B586B0A3
:1047300005900598006844F60041C4F200018842E3
:1047400040F0B180FFE740F2A030C2F200000078F4
:104750008DF8130040F65C00C2F2000000780146BC
:10476000039140B1FFE70398012817D0FFE70398B2
:10477000022845D08BE09DF81300AA280DD1FFE751
:1047800040F2A131C2F20001AA20087040F65C019B
:10479000C2F2000101200870FFE778E09DF81300E5
:1047A000BB2812D1FFE740F2A131C2F20001BB20C9
:1047B000487040F2A631C2F200010220088040F6A3
:1047C0005C01C2F20001087019E09DF81300AA28EC
:1047D0000DD1FFE740F2A131C2F20001AA2008701A
:1047E00040F65C01C2F200010120087006E040F6CC
:1047F0005C01C2F2000100200870FFE7FFE746E01D
:1048000040F2A630C2F20000008804280FDCFFE767
:104810009DF8130040F2A633C2F200031A88511C1F
:10482000198040F2A131C2F2000188540BE040F639
:104830005C01C2F200010020087040F2A631C2F211
:1048400000010880FFE740F2A630C2F200000088B5
:1048500005281BDBFFE740F2A130C2F2000000791F
:10486000FF2807D1FFE740F2A130C2F2000004F0B8
:1048700033F8FFE740F65C01C2F200010020087047
:1048800040F2A631C2F200010880FFE7FFE740F2E4
:10489000EC60C2F2000040F2A031C2F2000101223D
:1048A000FFF718FF4CE00598006844F60001C4F2D9
:1048B0000001884211D1FFE740F29230C2F20000BD
:1048C0000290007802F0D0FF029940F2A460C2F298
:1048D00000000122FFF7FEFEFFE70598006844F2A2
:1048E0000041C4F20001884211D1FFE740F2933049
:1048F000C2F200000190007801F06EFF019940F2D1
:104900005C60C2F200000122FFF7E4FEFFE70598B9
:10491000006841F20041C4F20101884210D1FFE772
:1049200040F27C70C2F2000040F2A831C2F20001F5
:1049300000910422FFF7CEFE009804F00FF8FFE785
:1049400006B080BD80B58AB008900791ADF81A20F6
:10495000059300200290089890F84100202840F02C
:104960008180FFE7079820B1FFE7BDF81A0020B962
:10497000FFE701208DF8270078E0089900204864BF
:104980000899212081F84100FDF760FD0290BDF8F3
:104990001A0008998884BDF81A000899C8840898F4
:1049A0008068B0F5805F09D1FFE70898006928B9F1
:1049B000FFE7002004900798039004E00798049014
:1049C00000200390FFE7FFE70898C08C78B3FFE76B
:1049D0000898029B05996A4611608021002201F027
:1049E00069FE40B1FFE70899202081F841000320CB
:1049F0008DF827003AE0049858B9FFE7039800883B
:104A00006FF35F20089909684860039802300390AB
:104A100008E0049800780899096848600498013013
:104A20000490FFE70899C88C0138C884CCE708983F
:104A3000029B05996A4611604021002201F03AFE6E
:104A400040B1FFE70899202081F8410003208DF84C
:104A500027000BE00899202081F8410000208DF804
:104A6000270003E002208DF82700FFE79DF82700CC
:104A70000AB080BD81B0009001B0704780B582B0AF
:104A800040F2A460C2F2000040F29231C2F2000192
:104A900001220192FFF71EFE019A40F25C60C2F211
:104AA000000040F29331C2F20001FFF713FE40F222
:104AB0007C70C2F2000040F2A831C2F20001042270
:104AC000FFF708FE019A40F2EC60C2F2000040F2EB
:104AD000A031C2F20001FFF7FDFD02B080BD000071
:104AE000FFE7FEE780B584B040F2A460C2F20000A8
:104AF000009040F20501C2F200010522019242F24B
:104B000010730293FFF71EFFC8200390FDF770FAA1
:104B10000098019A029B40F20A01C2F20001FFF7DD
:104B200011FF0398FDF764FA0098019A029B40F286
:104B30000F01C2F20001FFF705FF0398FDF758FAD5
:104B40000098019A029B40F20001C2F20001FFF7B7
:104B5000F9FE0398FDF74CFA04B080BD80B582B031
:104B600040F24440C2F20000009046F20041C4F21C
:104B70000001016003214160002101918160C16059
:104B80004FF4102202614FF4001242610176417627
:104B90008176C17601774177FCF7B4FC18B1FFE765
:104BA000FBF7FCFFFFE702B080BD000080B582B0DC
:104BB00040F26C40C2F20000009046F60001C4F2E0
:104BC0000001016003214160002101918160C16009
:104BD0004FF4102202614FF40012426101764176D7
:104BE0008176C17601774177FCF78CFC18B1FFE73D
:104BF000FBF7D4FFFFE702B080BD000080B582B0B4
:104C0000FFE70020019043F63000C4F20200016883
:104C100041F400110160006800F400100190019857
:104C2000FFE71020009000221146FDF7A7FC009836
:104C3000FDF79AFC02B080BD80B590B000200F90C7
:104C40000E900D900C900B90FFE700200A9043F619
:104C50003000C4F20200016841F004010160006804
:104C600000F004000A900A98FFE7FFE7002009908F
:104C700043F63000C4F20200016841F08001016097
:104C8000006800F0800009900998FFE7FFE7002026
:104C9000089043F63000C4F20200016841F00101BF
:104CA0000160006800F0010008900898FFE7FFE746
:104CB0000020079043F63000C4F20200016841F082
:104CC00010010160006800F0100007900798FFE7EE
:104CD000FFE70020069043F63000C4F202000168AE
:104CE00041F002010160006800F0020006900698A1
:104CF000FFE7FFE70020059043F63000C4F2020012
:104D0000016841F008010160006800F008000590AA
:104D10000598FFE740F20040C4F202000390102122
:104D2000019100220292FDF779FB029840F22331B3
:104D30000B910C900D9040F60000C4F202000BA9FC
:104D40000491FDF777F9029804994FF4F8720B92E9
:104D50000C900D900020C4F20200FDF76BF9029850
:104D600004994FF4F8420B920C900D9041F2000020
:104D7000C4F20200FDF75EF9029804994FF47C42F8
:104D80000B920C900D9040F60040C4F20200FDF72B
:104D900051F9029A0398049908230B930C9202226A
:104DA0000D92FDF747F9019B029A039804990B9322
:104DB00001230C930D920E92FDF73CF910B080BDCB
:104DC00080B594B00021019113911291119110912D
:104DD0000F910E910D910C910B910A9109910891EF
:104DE0000791069105910491039140F2F440C2F2BB
:104DF000000002900022C4F201020260A722426079
:104E0000816044F61F62C260016141618161FEF709
:104E10003BFE18B1FFE7FBF7C1FEFFE70020129051
:104E2000139040F2F440C2F2000012A9FEF762F9BA
:104E300018B1FFE7FBF7B2FEFFE760200B900022FE
:104E40000C920D920E920F921092119240F2F44039
:104E5000C2F200000BA9FEF775FD18B1FFE7FBF7E2
:104E60009DFEFFE7002003900490059006900790B8
:104E70004FF4005108910A9040F2F440C2F2000051
:104E800003A9FEF7DDF818B1FFE7FBF787FEFFE7A0
:104E900040F2F440C2F20000FEF7C4FC14B080BD42
:104EA00080B58EB0002100910D910C910B910A916B
:104EB000099108910791069105910491039102913E
:104EC000019140F23C50C2F200004FF0804202607B
:104ED00053224260816044F61F62C26001618161B9
:104EE000FEF79AF918B1FFE7FBF758FEFFE74FF41A
:104EF00080500A9040F23C50C2F200000AA9FEF72E
:104F0000BDFA18B1FFE7FBF749FEFFE740F23C505E
:104F1000C2F20000FEF7B8FD18B1FFE7FBF73EFE56
:104F2000FFE700200890099040F23C50C2F20000D8
:104F300008A9FEF7DFF818B1FFE7FBF72FFEFFE740
:104F400060200190002202920392059240F23C50B0
:104F5000C2F2000001A9FEF7F5FC18B1FFE7FBF76C
:104F60001DFEFFE740F23C50C2F20000FEF75AFC83
:104F70000EB080BD80B588B00021019107910691E7
:104F8000059104910391029140F28450C2F2000015
:104F900040F20042C4F20002026042F2CF024260DC
:104FA00081606322C26001618161FEF735F918B149
:104FB000FFE7FBF7F3FDFFE74FF48050049040F26A
:104FC0008450C2F2000004A9FEF758FA18B1FFE7B6
:104FD000FBF7E4FDFFE700200290039040F28450CD
:104FE000C2F2000002A9FEF785F818B1FFE7FBF74F
:104FF000D5FDFFE708B080BD80B58EB000210091DF
:105000000D910C910B910A910991089107910691CC
:105010000591049103910291019140F2CC50C2F2AA
:10502000000040F60002C4F200020260A7224260C3
:10503000816044F61F62C26001618161FEF7ECF895
:1050400018B1FFE7FBF7AAFDFFE74FF480500A9085
:1050500040F2CC50C2F200000AA9FEF70FFA18B1D4
:10506000FFE7FBF79BFDFFE740F2CC50C2F20000E8
:10507000FEF70AFD18B1FFE7FBF790FDFFE7002000
:105080000890099040F2CC50C2F2000008A9FEF747
:1050900031F818B1FFE7FBF781FDFFE760200190D1
:1050A000002002900390059040F2CC50C2F2000024
:1050B00001A90C22FEF746FC18B1FFE7FBF76EFDD5
:1050C000FFE740F2CC50C2F20000FEF7ABFB0EB09F
:1050D00080BD000080B582B040F2EC60C2F20000FA
:1050E000019044F60041C4F2000101604FF4E13147
:1050F000416000218160C16001610C2242618161D7
:10510000C161FFF78FF818B1FFE7FBF747FDFFE735
:1051100002B080BD80B582B040F23470C2F20000AF
:10512000019045F20001C4F2000101604FF4E13149
:10513000416000218160C16001610C224261816196
:10514000C161FFF76FF818B1FFE7FBF727FDFFE735
:1051500002B080BD80B582B040F21460C2F200009F
:10516000019041F20001C4F2010101604FF4E1310C
:10517000416000218160C16001610C224261816156
:10518000C161FFF74FF818B1FFE7FBF707FDFFE735
:1051900002B080BD80B582B040F25C60C2F2000017
:1051A000019044F20041C4F2000101604FF4E1318A
:1051B000416000218160C16001610C224261816116
:1051C000C161FFF72FF818B1FFE7FBF7E7FCFFE736
:1051D00002B080BD80B582B040F2A460C2F200008F
:1051E000019044F60001C4F2000101604FF4E13186
:1051F000416000218160C16001610C2242618161D6
:10520000C161FFF70FF818B1FFE7FBF7C7FCFFE735
:1052100002B080BD80B582B040F27C70C2F2000066
:10522000019041F20041C4F2010101604FF4E1310B
:10523000416000218160C16001610C224261816195
:10524000C161FEF7EFFF18B1FFE7FBF7A7FCFFE72F
:1052500002B080BDFFE7FEE7FFE7FEE788B00790FA
:1052600006910592079800F0070004900498C0F199
:105270000700052803D3FFE70420019004E0049809
:10528000C0F107000190FFE70198039004980430F3
:10529000062803D8FFE70020009003E004980338B5
:1052A0000090FFE70098029006980399012202FA05
:1052B00001F101390840029B984005999A40013A52
:1052C0001140084308B0704780B584B002908DED5E
:1052D000010ACDED000A029890F86C00C00758B999
:1052E000FFE70299012081F86C0002986430FBF717
:1052F0003FFB00200390C1E00298007E00060028DA
:1053000004D5FFE7029802F0C3F8FFE70298643083
:10531000FBF72EFB029880ED1A0A009802990863A9
:10532000019802990866029890ED0C1A90ED180AFF
:1053300030EE410A80ED0E0A029890ED051A90EDCC
:105340000E0AB0EEC00AB4EE410AF1EE10FA7CDDAE
:10535000FFE7029890ED000A90ED0E1A20EE010A88
:1053600080ED110A029890ED010A90ED0E2A90ED61
:105370001A1A20EE020A20EE010A80ED140A0298A1
:1053800090ED020A90ED0E2A90ED0F3A90ED1A1A68
:1053900032EE432A20EE020A80EE010A80ED130A63
:1053A0000298007E4007002804D5FFE7029802F02B
:1053B000C9F8FFE70298007E8006002804D5FFE7C1
:1053C000029801F02FFFFFE70298007E8007002877
:1053D00004D5FFE7029801F08DFFFFE70298007EF9
:1053E0004006002804D5FFE7029801F067FFFFE7B9
:1053F0000298007EC00720B1FFE7029801F090FFFD
:10540000FFE7029890ED120A90ED141A30EE010AAF
:1054100080ED120A029890ED110A90ED122A90ED9B
:10542000131A30EE020A30EE010A80ED150A0298D6
:10543000007EC006002804D5FFE7029801F0E4FFD3
:10544000FFE7029801F0FCFF05E0029900204865A3
:1054500002990865FFE70299086B48630299486D55
:1054600088650299C86CC8650299886BC8630299FF
:10547000086D08640298406D0390FFE79DED030AF4
:1054800004B080BDB0B582B0019000910198802138
:10549000FAF797FF0199009C20686268A368D4F826
:1054A0000CC0D4F810E065694D61C1F810E0C1F896
:1054B0000CC08B604A600860A069E269236AD4F876
:1054C00024C0D4F828E0E46ACC62C1F828E0C1F82E
:1054D00024C00B62CA61886102B0B0BD80B588B0DB
:1054E00007908DED060ACDED050A8DED041A9DEDB0
:1054F000060ADDED050A01F003FE8DED030A9DEDC0
:10550000031A079890ED030A30EE010A80ED030AB2
:105510009DED030A079890ED041A30EE410A8DEDD7
:10552000010A07989DED033A90ED001A90ED012ACB
:1055300090ED020A90ED034A22EE042A21EE031AAE
:1055400031EE021A9DED012A20EE020A30EE010A28
:105550008DED020A0398079908619DED020A9DED01
:10556000041AB4EE410AF1EE10FA03DBFFE70498E7
:105570000290FFE79DED020A9DED041AB1EE411A7B
:10558000B4EE410AF1EE10FA07DCFFE79DED040AE4
:10559000B1EE400A8DED020AFFE79DED020A08B068
:1055A00080BD000040F26033C2F200030021C4F26B
:1055B00070211960002058600022C4F2A0129A6085
:1055C00040F21032C2F200020023C4F2C82313607A
:1055D0005060906040F22432C2F2000211605060CC
:1055E0004FF07E51916040F23831C2F2000100224A
:1055F000C4F28C220A604860886040F24C31C2F2EA
:1056000000010022C4F2F0120A604860886070470E
:1056100087B006908DED050ACDED040A8DED031AD5
:105620009DED040A9DED051A30EE410A8DED020A4A
:105630009DED021A069890ED030A30EE010A80ED06
:10564000030A9DED020A069890ED041A30EE410A15
:105650008DED000A06989DED023A90ED001A90ED4E
:10566000012A90ED020A90ED034A22EE042A21EE6F
:10567000031A31EE021A9DED002A20EE020A30EEE6
:10568000010A8DED010A0298069908619DED010A53
:105690009DED031AB4EE410AF1EE10FA03DBFFE7C9
:1056A00003980190FFE79DED010A9DED031AB1EE0D
:1056B000411AB4EE410AF1EE10FA07DCFFE79DED66
:1056C000030AB1EE400A8DED010AFFE79DED010AE4
:1056D00007B07047704700007047000000000000EE
:1056E00080B58CB08DED0B0ACDED0A0A09904DF214
:1056F0000A70C3F6A34008900998400800EE100A0B
:10570000B8EE400A8DED050A02F012FC069002F098
:105710000FFC0790FFE706980799099A1144884201
:105720004AD2FFE702F004FC06909DED080A0698B5
:105730000799401A01EE100AB8EE412A9DED051AAC
:1057400031EE421A20EE010A10EE100A04F0B6F90A
:1057500041EC100B03F0F4F951EC100B9FED180B1A
:1057600053EC102B0293019203F070FC0246019857
:105770000B46029943EC102B53EC102B03F01AFD4F
:1057800041EC100B51EC100B03F02EFC04909DED3E
:105790000B1A9DED0A0A30EE410A9DED042A20EE17
:1057A000020A30EE010A8DED030A9DED030ADFEDDA
:1057B000060A01F0E5FCAEE70CB080BD00BF00BFFB
:1057C000000000000000F03F0000000000000000AA
:1057D00080B58CB08DED0B0ACDED0A0A09904DF223
:1057E0000A70C3F6A34008900998400800EE100A1A
:1057F000B8EE400A8DED050A02F09AFB069002F021
:1058000097FB0790FFE706980799099A1144884289
:1058100048D2FFE702F08CFB06909DED080A06983F
:105820000799401A01EE100AB8EE412A9DED051ABB
:1058300031EE421A20EE010A10EE100A04F03EF991
:1058400041EC100B03F07CF951EC100B9FED160BA3
:1058500053EC102B0293019203F0F8FB02460198DF
:105860000B46029943EC102B53EC102B03F0A2FCD7
:1058700041EC100B51EC100B03F0B6FB04909DEDC6
:105880000B1A9DED0A0A30EE410A9DED042A20EE26
:10589000020A30EE010A8DED030A9DED030A02F0C3
:1058A00051FDB0E70CB080BD000000000000F03FEB
:1058B00080B58CB08DED0B0ACDED0A0A09904DF242
:1058C0000A70C3F6A34008900998400800EE100A39
:1058D000B8EE400A8DED050A02F02AFB069002F0B0
:1058E00027FB0790FFE706980799099A1144884219
:1058F00048D2FFE702F01CFB06909DED080A0698CF
:105900000799401A01EE100AB8EE412A9DED051ADA
:1059100031EE421A20EE010A10EE100A04F0CEF821
:1059200041EC100B03F00CF951EC100B9FED160B32
:1059300053EC102B0293019203F088FB024601986E
:105940000B46029943EC102B53EC102B03F032FC66
:1059500041EC100B51EC100B03F046FB04909DED55
:105960000B1A9DED0A0A30EE410A9DED042A20EE45
:10597000020A30EE010A8DED030A9DED030A02F0E2
:105980000BFDB0E70CB080BD000000000000F03F50
:1059900080B58CB08DED0B0ACDED0A0A8DED091A9C
:1059A00008904DF20A70C3F6A3400790089840088B
:1059B00000EE100AB8EE400A8DED040A02F0B8FAC3
:1059C000059002F0B5FA0690FFE705980699089A47
:1059D000114488424AD2FFE702F0AAFA05909DEDF1
:1059E000070A05980699401A01EE100AB8EE412AF6
:1059F0009DED041A31EE421A20EE010A10EE100A53
:105A000004F05CF841EC100B03F09AF851EC100B29
:105A10009FED170B53EC102B0193009203F016FB34
:105A2000024600980B46019943EC102B53EC102BC7
:105A300003F0C0FB41EC100B51EC100B03F0D4FA57
:105A400003909DED0B1A9DED0A0A30EE410A9DED83
:105A5000032A20EE020A30EE010A8DED020A9DEDC6
:105A6000090ADDED020A03F02DF8AEE70CB080BDA7
:105A7000000000000000F03F80B582B00090009868
:105A80000138B0F1807F03D3FFE70120019019E0D6
:105A9000009801384EF21401CEF2000108604FF078
:105AA000FF300F2100F0D2FF4EF21801CEF20001BC
:105AB000002008604EF21002CEF2000207211160B1
:105AC0000190FFE7019802B080BD000080B5FCF7AF
:105AD000C3FC80BD80B594B008A83021FAF771FCF2
:105AE000002007900690059004900390FFE70020A7
:105AF000029043F64000C4F20200016841F0805178
:105B00000160006800F0805002900298FFE7FFE714
:105B10000020019047F20000C4F20000016841F447
:105B200080410160006800F4804001900198FFE727
:105B30000220089001210B9110210C910E90002160
:105B40000F9108211091A821119112900420139017
:105B500008A8FCF705FF18B1FFE7FBF71FF8FFE700
:105B60000F20039002200490002005904FF4A050D5
:105B700006904FF48050079003A80521FCF720FD04
:105B800018B1FFE7FBF70AF8FFE714B080BD00008B
:105B90004EF68851CEF20001086840F470000860AB
:105BA0007047000080B540F23C50C2F20000FDF7A3
:105BB0002BFD80BD80B540F28450C2F20000FDF79D
:105BC00023FD80BD83B0029001910298006800908F
:105BD00002980021C4F20101884225D0FFE7029813
:105BE000B0F1804F20D0FFE7029840F20041C4F2AC
:105BF0000001884218D0FFE7029840F60001C4F285
:105C00000001884210D0FFE7029840F60041C4F23C
:105C10000001884208D0FFE7029840F20041C4F238
:105C2000010188420AD1FFE7009820F0700000903F
:105C300001984168009808430090FFE7029800210E
:105C4000C4F20101884255D0FFE70298B0F1804FBD
:105C500050D0FFE7029840F20041C4F200018842B0
:105C600048D0FFE7029840F60001C4F200018842E4
:105C700040D0FFE7029840F60041C4F2000188429C
:105C800038D0FFE7029840F20041C4F20101884297
:105C900030D0FFE7029844F20001C4F201018842CB
:105CA00028D0FFE7029844F20041C4F20101884283
:105CB00020D0FFE7029844F60001C4F201018842B7
:105CC00018D0FFE7029841F60001C4F200018842B3
:105CD00010D0FFE7029841F60041C4F2000188426B
:105CE00008D0FFE7029842F20001C4F200018842A6
:105CF0000AD1FFE7009820F4407000900198C16835
:105D0000009808430090FFE7009820F08000019978
:105D100049690843009000980299086001988068DA
:105D20000299C8620198006802998862029800216D
:105D3000C4F20101884208D0FFE7029840F2004116
:105D4000C4F20101884205D1FFE701980069029978
:105D50000863FFE702990120486102980069C007C3
:105D600030B1FFE70299086920F001000861FFE700
:105D700003B0704784B0039002910192029800F042
:105D80001F01012088400090009A0399086A9043FF
:105D900008620198029901F01F0100FA01F20399CB
:105DA000086A1043086204B07047000085B0049090
:105DB000039102920193049880680090009820F467
:105DC0007F40009003980299019A41EA0221014321
:105DD00000980843009000980499886005B07047C7
:105DE00083B002900191029880680090009820F0A2
:105DF0007000009001980099084340F0070000905F
:105E000000980299886003B07047000085B0049044
:105E100003910498006A01900499086A20F0010037
:105E20000862049840680090049880690290029883
:105E300020F070000290029820F003000290039876
:105E40000168029808430290019820F00200019036
:105E50000398816801980843019004980021C4F2D6
:105E60000101884208D0FFE7049840F20041C4F2E3
:105E7000010188420ED1FFE7019820F0080001904F
:105E80000398C168019808430190019820F004002C
:105E90000190FFE704980021C4F20101884208D074
:105EA000FFE7049840F20041C4F20101884213D197
:105EB000FFE7009820F480700090009820F40070B4
:105EC0000090039841690098084300900398816905
:105ED000009808430090FFE70098049948600298F2
:105EE000049988610398406804994863019804996B
:105EF000086205B07047000085B0049003910498D3
:105F0000006A01900499086A20F010000862049861
:105F100040680090049880690290029820F4E04064
:105F20000290029820F44070029003980168029851
:105F300040EA01200290019820F02000019003988F
:105F40008168019840EA0110019004980021C4F290
:105F50000101884208D0FFE7049840F20041C4F2F2
:105F6000010188420FD1FFE7019820F080000190E5
:105F70000398C168019840EA01100190019820F04F
:105F800040000190FFE704980021C4F2010188421B
:105F900008D0FFE7049840F20041C4F201018842B2
:105FA00015D1FFE7009820F480600090009820F45D
:105FB0000060009003984169009840EA81000090D9
:105FC00003988169009840EA81000090FFE70098FB
:105FD000049948600298049988610398406804997C
:105FE000886301980499086205B0704785B00490F1
:105FF00003910498006A01900499086A20F4807063
:1060000008620498406800900498C0690290029861
:1060100020F070000290029820F003000290039894
:106020000168029808430290019820F400700190E2
:1060300003988168019840EA0120019004980021AA
:10604000C4F20101884208D0FFE7049840F2004101
:10605000C4F2010188420FD1FFE7019820F40060EB
:1060600001900398C168019840EA012001900198CD
:1060700020F480600190FFE704980021C4F2010140
:10608000884208D0FFE7049840F20041C4F20101C1
:10609000884215D1FFE7009820F4805000900098C6
:1060A00020F40050009003984169009840EA0110E4
:1060B000009003988169009840EA01100090FFE782
:1060C00000980499486002980499C8610398406850
:1060D0000499C86301980499086205B070470000EC
:1060E00085B0049003910498006A01900499086AAD
:1060F00020F4805008620498406800900498C069B9
:106100000290029820F4E0400290029820F440703F
:10611000029003980168029840EA012002900198D9
:1061200020F40050019003988168019840EA013002
:10613000019004980021C4F20101884208D0FFE7D1
:10614000049840F20041C4F2010188420BD1FFE7FC
:10615000009820F48040009003984169009840EA3C
:1061600081100090FFE70098049948600298049914
:10617000C86103984068049908640198049908620A
:1061800005B0704785B00490039102920498006AAC
:1061900000900499086A20F0010008620498806960
:1061A0000190019820F0F00001900299019840EAD6
:1061B00001100190009820F00A00009003990098C7
:1061C0000843009001980499886100980499086236
:1061D00005B0704785B00490039102920498006A5C
:1061E00000900499086A20F0100008620498806901
:1061F0000190019820F4704001900299019840EAC2
:1062000001300190009820F0A000009003990098C0
:1062100040EA01100090019804998861009804995F
:10622000086205B07047000080B540F2EC60C2F231
:106230000000FDF7E1FD80BD80B582B001900198BE
:10624000806B009000990020C8850099C884009850
:10625000FDF78EFD02B080BD84B00390FFE7FFE73D
:106260000398006850E8030F20F490700290FFE755
:1062700002990398026842E803100028F0D1FFE772
:10628000FFE7FFE7FFE70398006850E8050F20F0FD
:1062900001000190FFE701990398026842E80510A8
:1062A0000028F0D1FFE7FFE70398006B012814D125
:1062B000FFE7FFE7FFE70398006850E8030F20F0CF
:1062C00010000090FFE700990398026842E803106D
:1062D0000028F0D1FFE7FFE7FFE70399202081F8CE
:1062E000420003990020086304B0704780B582B073
:1062F000019001980168C86820F04000C8600199C9
:10630000202081F841000198FEF7B4FB002002B084
:1063100080BD000080B586B00490049890F84200DB
:10632000222840F0A480FFE704988068B0F5805FE1
:1063300015D1FFE70498006988B9FFE700200390B2
:106340000498806A02900498006840686FF35F20A8
:10635000029908800499886A0230886225E00498CE
:10636000806A03900020029004988068B0F5805FF6
:1063700008D0FFE70498806850B9FFE704980069E7
:1063800030B9FFE70498006840680399087007E097
:1063900004980068406800F07F0003990870FFE7E8
:1063A0000499886A01308862FFE70499C88D013832
:1063B000C8850004002856D1FFE704980168C86822
:1063C00020F02000C86004980168C86820F480703C
:1063D000C86004980168486920F001004861049988
:1063E000202081F842000499002048630498006B43
:1063F000012830D1FFE7049900200863FFE7FFE799
:106400000498006850E8030F20F010000190FFE7A7
:1064100001990498026842E803100028F0D1FFE7D0
:10642000FFE7049800680068C00600280ED5FFE763
:10643000FFE700200090049800680068009004982E
:106440000068406800900098FFE7FFE70498818D9E
:10645000FDF788FC03E00498FEF768F9FFE70020E9
:106460008DF8170007E000208DF8170003E00220E8
:106470008DF81700FFE79DF8170006B080BD0000FB
:1064800080B586B0059005980068006920F44050FA
:10649000059A1168D26810430861059988680B69EC
:1064A0004A69C96918431043084304900598006875
:1064B000C06849F20C61884304990843059909684A
:1064C000C86005980068406920F44070059A11681A
:1064D0009269104348610598006841F20001C4F2D6
:1064E0000101884209D0FFE70598006841F20041A8
:1064F000C4F20101884204D1FFE7FCF7ABF9039035
:1065000003E0FCF795F90390FFE70598C069B0F543
:10651000004F29D1FFE703981921A0FB0101059A3B
:106520001368029353685A00DB0FF9F7B3FE029920
:10653000864648F21F53C5F2EB13AEFB0320420917
:1065400010014FF0640C02FB1CEC322202EBCC0277
:10655000A2FB0332F82303EA521300EB4300C2F319
:1065600042121044886026E003981921A0FB010123
:10657000059A1368019353689A009B0FF9F78AFEF6
:106580000199844648F21F52C5F2EB12ACFB02306F
:106590004309642003FB10CC322000EB0C10A0FB5D
:1065A0000202F02000EA521000EB0310C2F3431283
:1065B00010448860FFE706B080BD000083B0029001
:1065C0000191ADF80220019802998862BDF802009D
:1065D00002998885BDF802000299C88502990020B9
:1065E00048640299222081F842000298006938B17B
:1065F000FFE702980168C86840F48070C860FFE750
:1066000002980168486940F00100486102980168F9
:10661000C86840F02000C860002003B07047000048
:1066200083B00190019890F8410021283AD1FFE70A
:1066300001988068B0F5805F13D1FFE70198006989
:1066400078B9FFE70198006A0090009800886FF31E
:106650005F200199096848600199086A0230086260
:1066600008E0019A106A411C1162007801990968DA
:106670004860FFE70199C88C0138C884000468B9F4
:10668000FFE701980168C86820F08000C8600198A1
:106690000168C86840F04000C860FFE700208DF83E
:1066A0000B0003E002208DF80B00FFE79DF80B00C4
:1066B00003B0704780B586B0DDF820C00490039128
:1066C0008DF80B200193FFE7049800680068039998
:1066D0000840401AB0FA80F040099DF80B1088423B
:1066E0004DD1FFE708980130002847D0FFE7FBF7BE
:1066F000ADFE0199401A0899884203D8FFE708982F
:1067000020B9FFE703208DF817003CE004980068EB
:10671000C0684007002830D5FFE7039880282CD0B8
:10672000FFE70398402828D0FFE704980068006836
:1067300000F008010120B0EBD10F1DD1FFE7FFE70A
:106740000020009004980068006800900498006899
:10675000406800900098FFE70498FFF77DFD0499DA
:1067600008204864FFE70499002081F84000FFE713
:1067700001208DF8170006E0FFE7FFE7A4E70020FF
:106780008DF81700FFE79DF8170006B080BD0000E8
:1067900080B540F21460C2F20000FDF72DFB80BD11
:1067A00080B540F25C60C2F20000FDF725FB80BDC1
:1067B00080B540F2A460C2F20000FDF71DFB80BD71
:1067C00080B540F27C70C2F20000FDF715FB80BD81
:1067D000FFE7FEE70000000080B582B08DF80700FB
:1067E00000208DF8050040F29730C2F200000078DA
:1067F000D0B9FFE79DF80700552814D1FFE79DF8B1
:10680000070040F29531C2F200010B7840F2873266
:10681000C2F20002D05440F29732C2F200020120CC
:1068200010700870FFE7B2E040F29730C2F200004B
:10683000007801281AD1FFE79DF80700532814D1EA
:10684000FFE79DF8070040F29531C2F200010B7896
:1068500040F28732C2F20002D05440F29732C2F2C4
:106860000002022010700870FFE78FE040F29730BE
:10687000C2F200000078022840F08780FFE79DF810
:10688000071040F29530C2F2000003785A1C0270E3
:1068900040F28732C2F20002D15400780B2873D143
:1068A000FFE700208DF80600FFE79DF806000928A5
:1068B00013DCFFE79DF805009DF8062040F28731C4
:1068C000C2F20001895C08448DF80500FFE79DF8DD
:1068D000060001308DF80600E7E79DF8050040F25C
:1068E0008731C2F20001897A884241D1FFE740F244
:1068F0007C31C2F200018879C97940EA012000B2F6
:1069000002F01FFE41EC100B9FED231B53EC112BEB
:1069100051EC100B02F0A4FE41EC100B51EC100BEB
:106920009FED1F0B53EC102B02F09AFE41EC100B65
:1069300051EC100B02F058FB014640F2B030C2F2AD
:106940000000016090ED000AB5EE400AF1EE10FA89
:106950000DDAFFE740F2B030C2F2000090ED000A1D
:106960009FED111A30EE010A80ED000AFFE7FFE704
:1069700040F29731C2F200010020087040F29531D8
:10698000C2F200010870FFE7FFE7FFE7FFE702B090
:1069900080BD00BF00BF00BF000000000000003F3E
:1069A00000000000008066400000B44380B584B061
:1069B00040F2A460C2F20000009040F20501C2F271
:1069C00000010522019242F210730293FDF7BAFF13
:1069D000C8200390FBF70CFB0098019A029B40F241
:1069E0001801C2F20001FDF7ADFF0398FBF700FBB1
:1069F0000098019A029B40F20001C2F20001FDF7EB
:106A0000A1FF0398FBF7F4FA04B080BD81B08DF8C4
:106A100003009DF9030000280ED4FFE79DF9031041
:106A200001F01F02012090404A094EF20011CEF2FF
:106A3000000141F82200FFE701B070474EF60C500C
:106A4000CEF200000068C0F30220704782B08DF8DB
:106A5000070000919DF9070000280AD4FFE700987D
:106A600000019DF907104EF20042CEF20002885458
:106A70000BE0009800019DF8071001F00F014EF6A1
:106A80001452CEF200028854FFE702B070470000B3
:106A900083B00290029800F0070000904EF60C516F
:106AA000CEF200010868019001984FF6FF021040F5
:106AB00001900198009A40EA02200022C0F2FA52A6
:106AC000104301900198086003B0704793B0002014
:106AD0001190109003900290FFE702980B2829DC98
:106AE000FFE7029838B9FFE740F2C470C2F2000035
:106AF000007890B1FFE70298012816DBFFE70299C2
:106B000040F2C470C2F20000405C40F65801C2F28C
:106B100000010968884208D1FFE70298039A511CD6
:106B2000039104A941F82200FFE7FFE70298013032
:106B30000290D2E740F2C470C2F20000C07A40F680
:106B40005801C2F20001096888420CD1FFE79DEDAF
:106B5000110A9FEDB21A30EE010A8DED110A10985C
:106B600001301090FFE740F2C470C2F20000807A5A
:106B700040F65801C2F20001096888420CD1FFE7D3
:106B80009DED110A9FEDA61A30EE010A8DED110A56
:106B9000109801301090FFE740F2C470C2F200007C
:106BA000407A40F65801C2F20001096888420CD1CF
:106BB000FFE79DED110A9FED9B1A30EE010A8DED66
:106BC000110A109801301090FFE740F2C470C2F231
:106BD0000000007A40F65801C2F2000109688842BC
:106BE0000CD1FFE79DED110ABBEE0E1A30EE010A43
:106BF0008DED110A109801301090FFE740F2C4703B
:106C0000C2F20000C07940F65801C2F200010968E2
:106C100088420CD1FFE79DED110ABAEE0E1A30EE54
:106C2000010A8DED110A109801301090FFE740F233
:106C3000C470C2F20000807940F65801C2F200012F
:106C4000096888420CD1FFE79DED110AB9EE041ADC
:106C500030EE010A8DED110A109801301090FFE717
:106C600040F2C470C2F20000407940F65801C2F20E
:106C70000001096888420CD1FFE79DED110AB1EED1
:106C8000041A30EE010A8DED110A109801301090AF
:106C9000FFE740F2C470C2F20000007940F65801EC
:106CA000C2F20001096888420CD1FFE79DED110A8C
:106CB000B2EE0E1A30EE010A8DED110A1098013075
:106CC0001090FFE740F2C470C2F20000C07840F6B6
:106CD0005801C2F20001096888420CD1FFE79DED1E
:106CE000110AB3EE0E1A30EE010A8DED110A10985A
:106CF00001301090FFE740F2C470C2F200008078CB
:106D000040F65801C2F20001096888420CD1FFE741
:106D10009DED110A9FED441A30EE010A8DED110A26
:106D2000109801301090FFE740F2C470C2F20000EA
:106D3000407840F65801C2F20001096888420CD13F
:106D4000FFE79DED110A9FED391A30EE010A8DED36
:106D5000110A109801301090FFE740F2C470C2F29F
:106D60000000007860B9FFE79DED110A9FED301A31
:106D700030EE010A8DED110A109801301090FFE7F6
:106D80001098022827DBFFE701208DF8070000900C
:106D9000FFE700980399884215DAFFE7009A04A8F4
:106DA00000EB820150F8220051F8041C401A02281E
:106DB00004DBFFE700208DF8070004E0FFE7009800
:106DC00001300090E5E79DF8070018B9FFE70020C3
:106DD00012901EE0FFE7109801280FDBFFE71098E4
:106DE00002280BDCFFE79DED100AB8EEC01A9DEDFE
:106DF000110A80EE010A8DED110A07E010980328B0
:106E000003DBFFE700201190FFE7FFE711981290E6
:106E1000FFE79DED120A13B0704700BF000096C255
:106E2000000070C2000034C2000034420000704212
:106E300000008C4280B588B0002006900590049038
:106E400003900020C4F202001021FBF7CFFA40F6B5
:106E50005801C2F20001096888420CD1FFE79DED9C
:106E6000040AB3EE0E1A30EE010A8DED040A0698FC
:106E700001300690FFE70020C4F202002021FBF75A
:106E8000B5FA40F65801C2F20001096888420CD1F7
:106E9000FFE79DED040AB2EE0E1A30EE010A8DED09
:106EA000040A069801300690FFE70020C4F20200B1
:106EB0004021FBF79BFA40F65801C2F20001096835
:106EC000884204D1FFE7069801300690FFE70020D2
:106ED000C4F202008021FBF789FA40F65801C2F2A1
:106EE0000001096888420CD1FFE79DED040ABAEE63
:106EF0000E1A30EE010A8DED040A06980130069054
:106F0000FFE740F60000C4F202002021FBF76EFA12
:106F100040F65801C2F20001096888420CD1FFE72F
:106F20009DED040ABBEE0E1A30EE010A8DED040A47
:106F3000069801300690FFE741F20000C4F202001B
:106F40004FF48041FBF752FA40F65801C2F20001BB
:106F5000096888420CD1FFE79DED030ABBEE0E1ACB
:106F600030EE010A8DED030A059801300590FFE728
:106F700041F20000C4F202004FF40051FBF736FA70
:106F800040F65801C2F20001096888420CD1FFE7BF
:106F90009DED030ABAEE0E1A30EE010A8DED030ADA
:106FA000059801300590FFE741F20000C4F20200AD
:106FB0004FF48051FBF71AFA40F65801C2F2000173
:106FC0000968884204D1FFE7059801300590FFE782
:106FD00041F20000C4F202004FF40061FBF706FA30
:106FE00040F65801C2F20001096888420CD1FFE75F
:106FF0009DED030AB2EE0E1A30EE010A8DED030A82
:10700000059801300590FFE741F20000C4F202004C
:107010004FF48061FBF7EAF940F65801C2F2000133
:10702000096888420CD1FFE79DED030AB3EE0E1A02
:1070300030EE010A8DED030A059801300590FFE757
:107040000698032804DBFFE7002006900490FFE782
:107050000598032804DBFFE7002005900390FFE775
:107060000698012823DBFFE7059801281FDBFFE7CF
:107070009DED040A9DED061AB8EEC11A80EE010AD4
:107080008DED020A9DED030A9DED051AB8EEC11AB9
:1070900080EE010A8DED010A9DED020AB1EE400A73
:1070A0009DED011A30EE410A8DED070A24E00698A5
:1070B00001280DDBFFE79DED040AB1EE400A9DEDCE
:1070C000061AB8EEC11A80EE010A8DED070A13E028
:1070D000059801280DDBFFE79DED030AB1EE400A9C
:1070E0009DED051AB8EEC11A80EE010A8DED070A72
:1070F00002E000200790FFE79DED070A08B080BD81
:1071000083B08DED020ACDED010A9DED010A9DEDE2
:10711000021A30EE410A8DED000A9DED000A9FED46
:10712000141AB4EE410AF1EE10FA09DDFFE79DED05
:10713000000A9FED121A30EE010A8DED000A13E0ED
:107140009DED000A9FED0B1AB4EE410AF1EE10FA24
:1071500009DAFFE79DED000A9FED071A30EE010AFC
:107160008DED000AFFE7FFE79DED000A03B07047D1
:1071700000003443000034C30000B4430000B4C333
:1071800080B584B08DED030ACDED020A9DED031AA2
:107190009DED020A30EE410ABDEEC00A10EE100A63
:1071A000ADF800009DED030A9DED021A30EE010AD4
:1071B000BDEEC00A10EE100AADF802009DED030A04
:1071C0009DED021A30EE010ABDEEC00A10EE100A63
:1071D000ADF804009DED031A9DED020A30EE410A60
:1071E000BDEEC00A10EE100AADF80600684600F0C9
:1071F0009FFD04B080BD000080B582B001909DED80
:10720000010AB8EE400A9FED061A80EE010A8DEDE4
:10721000000A9DED000AF9F77FFB02B080BD00BFB8
:1072200000007A4481B00090009890ED0E0A90ED35
:10723000121A20EE010AB5EE400AF1EE10FA3ADD1C
:10724000FFE7009890ED091A90ED0E0AB0EEC00A23
:10725000B4EE410AF1EE10FA01DCFFE72BE00098F2
:1072600090ED081A90ED092A90ED0E0AB0EEC00AD2
:1072700031EE021AB4EE410AF1EE10FA16DCFFE725
:10728000009890ED082A90ED093A90ED0E1A90EDD5
:10729000140AB0EEC11A32EE411A31EE031A81EE31
:1072A000021A20EE010A80ED140A03E00099002082
:1072B0000865FFE7FFE701B07047000081B000906C
:1072C000009890ED0B3A90ED130A90ED171A90ED9F
:1072D0001A2A20EE020A33EE022A80EE020A21EE7A
:1072E000031A81EE021A30EE010A80ED130A01B092
:1072F0007047000081B00090009890ED020A90ED78
:107300000C3A90ED0D2A90ED1A1A32EE432A20EE37
:10731000020A80EE010A80ED130A01B070470000F6
:1073200081B00090009890ED120A90ED141A30EEA2
:10733000010A40F23C40C2F2000080ED000A0098D1
:1073400090ED110A90ED122A90ED131A30EE020A18
:1073500030EE010A40F24040C2F2000080ED000A27
:1073600090ED000AB0EEC00A009890ED031AB4EE5A
:10737000410AF1EE10FA12DDFFE7009890ED0E0AD7
:1073800090ED121A20EE010AB5EE400AF1EE10FA65
:1073900004DDFFE7009900200865FFE7FFE740F202
:1073A0003C40C2F2000090ED000A009890ED071AF0
:1073B000B4EE410AF1EE10FA07DDFFE70099002074
:1073C00008650099C8698864FFE740F23C40C2F252
:1073D000000090ED000A009890ED071AB1EE411AF6
:1073E000B4EE410AF1EE10FA0BDAFFE70099002043
:1073F0000865009890ED070AB1EE400A80ED120A88
:10740000FFE701B07047000081B00090009890ED58
:107410000A3A90ED150A90ED161A90ED1A2A20EE10
:10742000020A33EE022A80EE020A21EE031A81EEEE
:10743000021A30EE010A80ED150A01B07047000013
:1074400081B00090009890ED031A90ED150AB4EE0B
:10745000410AF1EE10FA04DDFFE70099C8684865BB
:10746000FFE7009890ED031A90ED150AB1EE411A6E
:10747000B4EE410AF1EE10FA08DAFFE7009890ED59
:10748000030AB1EE400A80ED150AFFE701B070472C
:1074900081B00090009890ED031A90ED150A9FEDD1
:1074A000262A21EE021AB4EE410AF1EE10FA0DDBA3
:1074B000FFE7009890ED180AB0EEC00A9FED1F1A82
:1074C000B4EE410AF1EE10FA01DAFFE731E000987C
:1074D00090ED0C0A90ED181A31EE400AB0EEC00A99
:1074E000B0EEC11A80EE010A9FED151AB4EE410A02
:1074F000F1EE10FA09DDFFE700990A6F486F0132DB
:1075000040F100000A67486704E0009900204867DE
:107510000867FFE70098016F406F40F2F512891A83
:1075200070F1000005D3FFE70099012081F8780091
:10753000FFE701B0704700BF6F12833A17B7D13829
:107540003333733F81B00090009890ED010A90EDC5
:107550000E2A90ED0F3A90ED1A1A32EE032AB6EE8B
:10756000003A22EE032A20EE020A20EE010A80ED04
:10757000140A01B07047000082B001900091019997
:107580000888088100980178407840EA0120019934
:10759000088000988178C07840EA012001994880ED
:1075A00000980179407940EA01200199888000988B
:1075B00080790199887102B07047000080B584B06D
:1075C00003908DF80B100398C079092808DCFFE7B9
:1075D0000399088848810399C8790130C871A5E0EA
:1075E0009DF80B000146019148B1FFE70198012881
:1075F00045D0FFE70198022800F0878095E00399C5
:1076000008880989401AB0F5805F05DDFFE7039916
:10761000C8680138C8600DE0039908880989401AD4
:1076200010F5805F05DAFFE70399C8680130C8608C
:10763000FFE7FFE70398C068242805D0FFE7039819
:10764000C068243020B9FFE703990020C860FFE735
:107650000399CA68088800EB42304A89801A086199
:10766000039890ED040AB8EEC00A9FED331A20EE9D
:10767000010A00F04BFC039880ED050A55E00399E0
:1076800008880989401AB0F5805F05DDFFE7039996
:10769000C8680138C8600DE0039908880989401A54
:1076A00010F5805F05DAFFE70399C8680130C8600C
:1076B000FFE7FFE70398C06840F60761884209D0FA
:1076C000FFE70398C0684FF2F911CFF6FF718842C7
:1076D00004D1FFE703990020C860FFE70399CA6857
:1076E000088800EB42304A89801A0861039890EDBF
:1076F000040AB8EEC00A9FED0F1A20EE010A00F04E
:1077000005FC039880ED050A0FE00398008800EE61
:10771000100AB8EEC00A9FED061A20EE010A00F02A
:10772000F5FB039880ED050AFFE7FFE704B080BD95
:10773000DB0F493A0B862738C2B8B23780B582B022
:10774000FFE700F00DFD28B1FFE79FED430A00F0D1
:10775000F9FDF6E700F0B6FF9FED3E0ADFED3E0AC9
:107760004FF49670FEF734F8FFE740F2C470C2F2AF
:10777000000000F08BFC28B1FFE79FED370A00F016
:10778000E1FDF2E7DFED340ACDED000AC8200190FB
:10779000B0EE600AFEF71CF89DED000A0198DFEDDF
:1077A0002D0AFEF715F8FFE740F2C470C2F20000A0
:1077B0004FF4FA514FF4967200F0C8FB28B1FFE77E
:1077C0009FED250A00F0BEFDEEE79FED240A00F0D4
:1077D0005FFE9FED230ADFED1F0AC820FDF7F8FFCB
:1077E000FFE700F0BDFC28B1FFE79FED1A0A00F0AB
:1077F000A9FDF6E700F0FEFCFFE740F2C470C2F21C
:1078000000004FF4FA51C82200F0A0FB28B1FFE7B6
:107810009FED100A00F096FDEFE79FED120A00F0D1
:1078200037FE9FED0F0ADFED0B0A4FF49670FDF760
:10783000CFFFFFE700F094FC28B1FFE79FED050ABA
:1078400000F080FDF6E700F0A9FE00F0EFFA02B0CC
:1078500080BD00BF0000FA4500401C460000074301
:10786000000000000000204281B08DF803000020DD
:107870008DF8010040F29630C2F200000078D0B9D5
:10788000FFE79DF80300552814D1FFE79DF803009A
:1078900040F29431C2F200010B7840F27C32C2F225
:1078A0000002D05440F29632C2F200020120107061
:1078B0000870FFE797E040F29630C2F200000078CF
:1078C00001281AD1FFE79DF80300532814D1FFE7E0
:1078D0009DF8030040F29431C2F200010B7840F2AF
:1078E0007C32C2F20002D05440F29632C2F2000260
:1078F000022010700870FFE774E040F29630C2F288
:107900000000007802286CD1FFE79DF8031040F2D8
:107910009430C2F2000003785A1C027040F27C32AC
:10792000C2F20002D15400780B2859D1FFE70020A1
:107930008DF80200FFE79DF80200092813DCFFE73D
:107940009DF801009DF8022040F27C31C2F2000156
:10795000895C08448DF80100FFE79DF802000130C2
:107960008DF80200E7E79DF8010040F27C31C2F299
:107970000001897A884227D1FFE740F27C30C2F2C9
:107980000000418800EE101AB8EEC00A9FED172AD9
:1079900020EE020A9FED161A20EE010A40F278311D
:1079A000C2F2000181ED000A808800EE100AB8EEF4
:1079B000C00A20EE020A20EE010A40F27430C2F240
:1079C000000080ED000AFFE740F29631C2F20001AC
:1079D0000020087040F29431C2F200010870FFE705
:1079E000FFE7FFE7FFE701B0704700BF0000003886
:1079F0000000344386B08DED040ACDED030A8DED11
:107A0000021A9DED020A9DED031AB4EE410AF1EE51
:107A100010FA03DAFFE70498059051E09DED040A9F
:107A20009DED021AB4EE410AF1EE10FA1DDDFFE7FA
:107A30009DED020A9DED031A30EE410A8DED010A1B
:107A4000FFE79DED040A9DED021AB4EE410AF1EE46
:107A500010FA09DDFFE79DED011A9DED040A30EEF5
:107A6000410A8DED040AECE727E09DED040A9DED47
:107A7000031AB4EE410AF1EE10FA1DDAFFE79DEDAC
:107A8000020A9DED031A30EE410A8DED000AFFE770
:107A90009DED040A9DED031AB4EE410AF1EE10FAD1
:107AA00009DAFFE79DED001A9DED040A30EE010AA8
:107AB0008DED040AECE7FFE7FFE704980590FFE788
:107AC0009DED050A06B0704780B594B00020009087
:107AD0001390FAF7CFFCFDF7FDFFFDF7ADF8FDF7CA
:107AE0008DF8FDF73BF8FDF787FAFDF75FF8FDF736
:107AF00031FBFDF74FFBFDF76DFBFDF761F9FDF77E
:107B0000E9FAFDF707FBFDF785FBFDF7C9F9FDF77E
:107B100031FAFDF791F8FDF721F8FDF71BFBFDF7B2
:107B200045F800F0A3FF40F28450C2F20000FBF7DA
:107B300029FCFDF737FDFCF7A1FFA820F8F76AFF45
:107B4000F8F73CFDF8F7FCFCFCF7CCFFFEF72EFF46
:107B500007A801903021F8F734FC00980199002221
:107B6000C4F2400207924CF6CD42C3F64C52089242
:107B70004DF20A72C3F6234209920022C4F2FA526D
:107B80000A9211228DF8342044F20002C4F29C5271
:107B90000E920690059004900390029040F210100F
:107BA000C2F20000FDF76EFC019940F29010C2F2A3
:107BB0000000FDF767FC019940F21020C2F20000BE
:107BC000FDF760FC019940F29020C2F20000FDF741
:107BD00059FCFFF7B3FDFFE7FEE7000000000000DF
:107BE00080B58AB08DED090AFFE740F2B030C2F2ED
:107BF0000000006801F062FF41EC100B8DED020BFC
:107C0000099801F05BFF41EC100B9FED411B53EC19
:107C1000112B51EC100B01F019FA9DED020B41EC08
:107C2000110B0120059053EC112B51EC100B01F0BE
:107C30008CFF01460598069039BBFFE740F2B03053
:107C4000C2F20000006801F039FF41EC100B8DED2D
:107C5000000B099801F032FF41EC100B9FED2E1B39
:107C600053EC112B51EC100B01F0F0F99DED000BD2
:107C700041EC110B53EC112B51EC100B01F05EFF9A
:107C8000002818BF01200690FFE70698C007D0B370
:107C9000FFE740F2B030C2F2000090ED000ADDEDE7
:107CA000090A40F26030C2F200009FED1D1AFDF794
:107CB00015FC8DED080A9DED080AB5EE400AF1EEBF
:107CC00010FA0BDDFFE79DED081A9FED180A70EE24
:107CD000410A9FED150AFFF753FA13E09DED080ADC
:107CE000B5EE400AF1EE10FA0BDAFFE79DED081A47
:107CF0009FED0C0A70EE410A9FED0B0AFFF740FA68
:107D0000FFE7FFE771E700F091F80AB080BD00BF20
:107D100000000000000004C000000000000004405B
:107D200000803B4500007A440000000000007AC457
:107D300080B586B005900598B0F9000000EE100AF5
:107D4000B8EEC00A40F2C030C2F200000090B0F9B4
:107D5000020001EE100AF8EEC10A40F21010C2F261
:107D600000000190FDF7B0FA00980599B1F90210F2
:107D700000EE101AB8EEC00AB0F91A0001EE100AAF
:107D8000F8EEC10A40F29010C2F200000290FDF736
:107D90009BFA00980599B1F9041000EE101AB8EE9C
:107DA000C00AB0F9320001EE100AF8EEC10A40F242
:107DB0001020C2F200000390FDF786FA00980599A2
:107DC000B1F9061000EE101AB8EEC00AB0F94A0078
:107DD00001EE100AF8EEC10A40F29020C2F2000053
:107DE0000490FDF771FA01980299039A049B90EDB3
:107DF000150ABDEEC00A10EE100A91ED150ABDEE8F
:107E0000C00A10EE101A92ED150ABDEEC00A10EE6F
:107E1000102A93ED150ABDEEC00A10EE103AF8F7DD
:107E2000FFFB0320FAF7E4F806B080BD80B582B00E
:107E3000FFE740F2C030C2F20000B0F902100120AA
:107E4000642901904DDCFFE740F2C030C2F200002F
:107E5000B0F9020010F1650F0BDCFFE740F2C03013
:107E6000C2F20000B0F91A1001206429019038DC38
:107E7000FFE740F2C030C2F20000B0F91A10B0F9CA
:107E80003200002211F1640F1146B8BF01216428AD
:107E9000C8BF012201201142019022D1FFE740F228
:107EA000C030C2F20000B0F9320010F1650F0BDCF7
:107EB000FFE740F2C030C2F20000B0F94A100120E2
:107EC000642901900DDCFFE740F2C030C2F20000EF
:107ED000B0F94A10002011F1640FB8BF01200190E1
:107EE000FFE70198C00738B1FFE7DFED070AB0EE02
:107EF000600AFFF745F99CE70023184619461A4621
:107F0000F8F78EFB02B080BD0000000080B582B0A3
:107F10008DED010A9DED010ADFED030A9FED031AC5
:107F2000FFF768FD02B080BDDB0F49C0DB0F4940A1
:107F300080B5F8F743FD9FED041A20EE010ABCEE70
:107F4000C00A10EE100A80BD00007A4480B598B0D7
:107F500016901591149240F65600C2F20000007877
:107F6000012813DBFFE740F65601C2F200010020B2
:107F7000029008709DED150AB8EEC00A1498DFED66
:107F8000420AFDF7ADFB0298179079E008A830216E
:107F9000F8F717FA0020079002200690FFE70698EE
:107FA000092812DCFFE716980699405C40B9FFE704
:107FB0000698079A511C079108A941F82200FFE78B
:107FC000FFE7069801300690E9E7079802284DDBA5
:107FD000FFE700208DF817000490FFE70498079949
:107FE00088422FDAFFE7049801300390FFE70398F7
:107FF000079988421CDAFFE7049808A951F8200085
:10800000039A51F82210401A00900028019002D5DE
:108010000098404201900198022804DBFFE701200C
:108020008DF8170004E0FFE7039801300390DEE7C6
:108030009DF8170008B1FFE704E0FFE7049801305E
:108040000490CBE79DF8170040B1FFE740F65601DA
:10805000C2F2000108780130087006E040F65601CF
:10806000C2F2000100200870FFE706E040F656016A
:10807000C2F2000100200870FFE701201790FFE71F
:10808000179818B080BD00BF0000000084B00290B7
:1080900040F65600C2F200000078012808DBFFE736
:1080A00040F65601C2F200010020087003902CE057
:1080B0000020019003200090FFE7009808280EDCC4
:1080C000FFE702980099425C0198411C002A08BF12
:1080D00008460190FFE7009801300090EDE7019815
:1080E000032808DBFFE740F65601C2F200010878DA
:1080F0000130087006E040F65601C2F2000100208F
:108100000870FFE701200390FFE7039804B0704771
:1081100081B000208DF802008DF80200FFE79DF885
:1081200002000B2814DCFFE79DF8021040F2C47037
:10813000C2F20000405C20B9FFE701208DF8030087
:108140000AE0FFE79DF8020001308DF80200E6E743
:1081500000208DF80300FFE79DF8030001B0704791
:1081600081B040F27430C2F2000090ED000AB2EE2D
:10817000041AB4EE410AF1EE10FA1EDDFFE740F2F8
:108180007430C2F2000090ED000A9FED151AB4EEB3
:10819000410AF1EE10FA10DAFFE740F65D00C2F294
:1081A00000000178013101700078032804DBFFE74B
:1081B00000208DF803000EE009E040F65D01C2F2F8
:1081C00000010020087001208DF8030003E0012069
:1081D0008DF80300FFE79DF8030001B0704700BF72
:1081E0000000AF4380B59FED020A00F0FFF880BDAC
:1081F0000080334380B588B007A803900021ADF814
:108200001A1049F69A11C3F6997105910C21ADF82F
:10821000121040F2B031C2F200010968079190EDEE
:10822000000A9FED421AB4EE410AF1EE10FA0ADD9F
:10823000FFE7039890ED000A9FED3D1A30EE010A2A
:1082400080ED000AFFE7FFE740F27430C2F2000061
:1082500090ED000A0020B3EE041AB4EE410AF1EEEC
:1082600010FA029011DDFFE740F27430C2F2000014
:1082700090ED000A9FED2F1A0020B4EE410AF1EEB6
:1082800010FAB8BF01200290FFE70298C00758B962
:10829000FFE7039890ED000ADFED280A00F012FCDA
:1082A0000020ADF81A00CFE70020ADF81A004FF01B
:1082B0007F500590FFE740F27430C2F2000090ED6D
:1082C000000A0020B0EE001AB4EE410AF1EE10FAF6
:1082D000019011DDFFE740F27430C2F2000090ED32
:1082E000000A9FED151A0020B4EE410AF1EE10FAD3
:1082F000B8BF01200190FFE70198C00758B1FFE720
:10830000039890ED000ADFED0D0A00F0DBFB002082
:10831000ADF81A00CFE79FED090ADFED090A4FF427
:108320009670FDF7C5FA08B080BD00BF0080B3436A
:108330000080B3C3000048430000B04300803B45C9
:108340000080BB4580B582B08DED010AFEF7BEFB13
:1083500040F2B430C2F2000080ED000A90ED000A55
:1083600040F22430C2F20000DFED090A9FED091A45
:10837000FDF74EF940F2AC30C2F2000080ED000A89
:108380009DED010AD0ED000AFEF7FAFE02B080BDB5
:108390000000000000803B4580B582B08DED010AF1
:1083A000FEF748FD40F2B430C2F2000080ED000A52
:1083B00090ED000A40F23830C2F20000DFED090A09
:1083C0009FED091AFDF724F940F2AC30C2F200002B
:1083D00080ED000A9DED010AD0ED000AFEF7D0FE07
:1083E00002B080BD000000000000FA4480B582B0F9
:1083F0008DED010A9DED010AB5EE400AF1EE10FA8D
:1084000007DAFFE79DED010AB1EE400A8DED010AA2
:10841000FFE7FFE79DED010A9FED1B1AB4EE410A4D
:10842000F1EE10FA09DBFFE79DED010A9FED171A47
:1084300030EE010A8DED010AECE740F2B030C2F2F5
:10844000000090ED000A9DED011A30EE010A8DED5D
:10845000000AFFE79DED000A9FED0B1AB4EE410AFA
:10846000F1EE10FA09DBFFE79DED000A9FED071A18
:1084700030EE010A8DED000AECE79DED000AFFF7F2
:10848000AFFB02B080BD00BF0000B4430000B4C326
:1084900080B582B08DED010A9DED010AB5EE400A6E
:1084A000F1EE10FA07DAFFE79DED010AB1EE400A9E
:1084B0008DED010AFFE7FFE79DED010A9FED201A10
:1084C000B4EE410AF1EE10FA09DBFFE79DED010A77
:1084D0009FED1C1A30EE010A8DED010AECE740F227
:1084E000B030C2F2000090ED000A9DED011A30EEAE
:1084F000410A8DED000AFFE79DED000AB5EE400A46
:10850000F1EE10FA09DAFFE79DED000A9FED0C1A73
:1085100030EE010A8DED000AEEE79DED000AFFF74F
:108520005FFB9DED000AFFF75BFB4FF49670FEF7D3
:1085300063FE9DED000AFFF753FB02B080BD00BF54
:108540000000B4430000B4C386B005908DED040A6A
:10855000CDED030A02919DED030A9DED041A30EE64
:10856000410A8DED010A049800909DED050AB8EED0
:10857000C00A9DED011A20EE010A029901208840EF
:10858000013801EE100AB8EEC11A80EE010A9DED25
:10859000001A30EE010A06B07047000080B586B0C0
:1085A0004FF4FA50ADF81600FFE740F27430C2F213
:1085B000000090ED000A0020B1EE041AB4EE410A6A
:1085C000F1EE10FA029011DDFFE740F27430C2F2D2
:1085D000000090ED000A9FED351A0020B4EE410A2C
:1085E000F1EE10FAB8BF01200290FFE70298C00731
:1085F000D0B1FFE7BDF81600A0F5FA70ADF816008F
:10860000BDF81600B0F57A6F05DCFFE74FF47A602D
:10861000ADF81600FFE7BDF8160000EE100AB8EE40
:10862000400AFFF78FFEC0E740F2B030C2F2000010
:10863000006803909DED031A9FED1D0ADFED1D0AF2
:108640004FF4AF70FDF7A4F99DED030A9FED1A1AE0
:1086500030EE010A9FED191AB4EE410AF1EE10FA5C
:1086600009DDFFE79DED030A9FED151A30EE010AC3
:108670008DED010A08E09DED030A9FED0F1A30EE23
:10868000010A8DED010AFFE79DED010A8DED040A57
:10869000FFF7CCFB9DED030AFFF7A2FA4FF4FA7047
:1086A000FEF7AAFDFFF79EFD06B080BD0080B14336
:1086B00000007A4500000000000034430000B4438D
:1086C000000034C380B588B04FF4FA50ADF81E00F6
:1086D000FFE740F27430C2F2000090ED000A002083
:1086E000B1EE041AB4EE410AF1EE10FA049011DD75
:1086F000FFE740F27430C2F2000090ED000A9FEDF7
:108700006D1A0020B4EE410AF1EE10FAB8BF012054
:108710000490FFE70498C007D0B1FFE7BDF81E0042
:10872000A0F5FA70ADF81E00BDF81E00B0F57A6F26
:1087300005DCFFE74FF47A60ADF81E00FFE7BDF8F7
:108740001E0000EE100AB8EE400AFFF7FBFDC0E77E
:1087500040F2B030C2F200000390006805909DED39
:10876000051A9FED550ADFED550ACDED020A962058
:10877000FDF70EF99DED020A9DED051ADFED500A99
:108780006420FDF705F9FFF751FB4FF4FA70FEF78F
:1087900033FD0398006805909DED050A9FED491A89
:1087A00030EE010A9FED481AB4EE410AF1EE10FADC
:1087B00009DDFFE79DED050A9FED441A30EE010A41
:1087C0008DED010A08E09DED050A9FED3E1A30EEA1
:1087D000010A8DED010AFFE79DED010A8DED060A04
:1087E000FFF700FD6420FEF707FD40F2B030C2F253
:1087F0000000006806900020ADF81E00FFE740F280
:108800007430C2F2000090ED000A0020B1EE041AAC
:10881000B4EE410AF1EE10FA009011DDFFE740F2EC
:108820007430C2F2000090ED000A9FED221A002081
:10883000B4EE410AF1EE10FAB8BF01200090FFE754
:108840000098C007E0B9FFE7BDF81E00C830ADF8DA
:108850001E00BDF81E0040F6B931884205DBFFE777
:1088600040F6B830ADF81E00FFE79DED060ABDF8F2
:108870001E0001EE100AF8EE410A00F023F9BEE7EF
:10888000FFE7FFF745FC58B9FFE79DED060ABDF885
:108890001E0001EE100AF8EE410A00F013F9F0E7AD
:1088A0009FED0B0ADFED0B0A4FF49670FCF790FF7B
:1088B00008B080BD0080B14300007A4500401C45EF
:1088C00000000000000034430000B443000034C343
:1088D00000803B450000FA4583B002900298007882
:1088E000AA2824D1FFE702984078BB281FD1FFE7D0
:1088F00002980079FF281AD1FFE702988078014694
:108900000091012804D0FFE70098022807D00DE06D
:1089100040F23841C2F200010120087006E040F246
:108920003841C2F2000102200870FFE7FFE7002093
:108930008DF80700FFE79DF8070004280CDCFFE72F
:1089400002999DF8072000208854FFE79DF8070052
:1089500001308DF80700EEE703B0704782B0019058
:108960000198007875283FD1FFE70198C078032867
:108970003AD1FFE700208DF80300FFE79DF80300E0
:10898000072813DCFFE7019840789DF80320D040CA
:1089900000F0010040F2C471C2F200018854FFE708
:1089A0009DF8030001308DF80300E7E700208DF803
:1089B0000300FFE79DF80300032814DCFFE701989C
:1089C00080789DF80310C84000F0010040F2C472A6
:1089D000C2F2000211440872FFE79DF80300013063
:1089E0008DF80300E6E7FFE700208DF80300FFE7BE
:1089F0009DF8030003280CDCFFE701999DF8032094
:108A000000208854FFE79DF8030001308DF8030033
:108A1000EEE702B07047000080B582B00190019887
:108A2000F7F7B0FC8DF803000020ADF80000FFE779
:108A3000BDF800009DF80310884214DAFFE70198A2
:108A4000BDF80010014440F27C70C2F20000012227
:108A50004FF6FF73FBF776FFFFE7BDF8000001302C
:108A6000ADF80000E4E702B080BD000080B586B03C
:108A7000002005900490039002900190FFE70020F1
:108A8000009043F63000C4F20200016841F0080192
:108A90000160006800F0080000900098FFE72020C7
:108AA000019000200290039040F60040C4F20200C2
:108AB00001A9F9F7BFFA4FF47A70FEF79DFB06B0F3
:108AC00080BD000080B584B08DED030ACDED020AB3
:108AD00040F2B030C2F2000090ED000ADDED030A72
:108AE00040F21030C2F200009FED071AFCF7F6FCCE
:108AF0008DED010A9DED020A9DED011AF1EE410A8C
:108B0000FEF73EFB04B080BD00803B4503B40198F6
:108B10004100009850EAC12018BF04204A0D18BF38
:108B200040F0010040F2FF72B2EB515F08BF40F02D
:108B30000200012808BF052002B0704700000000B5
:108B400070B52DED020B2DED0A8B82B00D98C40F80
:108B500020F00045AE48854248D3AE48854219D33F
:108B60000C99C5F31300084309D09DED0C0B02B01E
:108B7000BDEC0A8B02B0BDE8704000F009BA002CD1
:108B800014BF9FEDA50B9DED0C0B02B0BDEC0A8B45
:108B900002B070BD9FEDA20B53EC102B9DED0C0BA2
:108BA00051EC100B00F05AFE0AD20220F7F738FC05
:108BB00002B0BDEC0A8B02B0BDE8704000F0F4B921
:108BC0009FED990B53EC102B9DED0C0B51EC100B02
:108BD00000F00AFD0AD20220F7F722FC02B0BDEC39
:108BE0000A8B02B0BDE8704000F0EEB990489FEDEE
:108BF00092BBA8425CD29248854219D291487844EF
:108C000000EBC40090ED000B53EC102B9DED0C0B12
:108C100051EC100B00F064FE41EC1A0B8A487844CA
:108C200000EBC40090ED009BC4F10100041B36E092
:108C30009FED870B53EC102B9DED0C0B51EC100BA3
:108C400000F00EFD41EC100B8348784400EBC400AB
:108C500090ED001B51EC100B53EC112B00F0F6F9CA
:108C600000F040FC044600F06CFC41EC180B9FED5A
:108C70007C0B53EC102B00F0F3FC9DED0C1B53EC24
:108C8000112B00F021FE41EC1A0B9FED770B51ECFC
:108C9000180B53EC102B00F0E3FC41EC190B51ECDA
:108CA0001A0B53EC192B00F01BFECDE90C011BE055
:108CB0006F48854217D29FED700B53EC102B9DED42
:108CC0000C0B51EC100B00F0C1F953EC1B2B00F016
:108CD000C5FD08D29DED0C0B53EC1B2B51EC100B7A
:108CE00000F0B4F96EE000249DED0C0B53EC102B5A
:108CF00051EC100B00F0B4FC41EC180B604805215E
:108D0000B0EE480AF0EE680A784400F0C5F853EC7B
:108D1000182B51EC100B00F0A3FC9DED0C1B53EC39
:108D2000112B00F0D1FD41EC180B9FED570B5CB3FC
:108D300053EC182B51EC100B00F0D2FD9DED0C0BF9
:108D400041EC1C0B53EC182B51EC100B00F088FC81
:108D500053EC1C2B00F02EFA53EC192B00F0B4FD51
:108D600053EC1A2B00F0BCFD53EC1B2B00F0ACFDB8
:108D7000CDE900016FF47F70844226DB01EB0450E3
:108D800001909DED000B00E753EC102B51EC180BFC
:108D900000F0A6FD9DED0C0B41EC190B53EC182BCC
:108DA00051EC100B00F05CFC53EC192B00F002FAB4
:108DB0009DED0C1B53EC112B00F092FD53EC1B2B83
:108DC00000F082FD41EC100BDFE608464FF07A51CF
:108DD00001EB04519FED2E0B084453EC102B019036
:108DE0009DED000B51EC100B00F03AFC0D4645ECEC
:108DF000100B044651EC100BFFF788FE042808BF47
:108E000000F0E2F845EC104BBFE600000000000067
:108E1000422E86400000F07F0000000000000000AD
:108E2000EF39FAFE422E864051302DD5104987C0C9
:108E3000422ED63F00000000000000000000F03F7E
:108E4000B2A2F03F26100000161000000000000043
:108E5000FE822B654715F73FCA0F00000000000097
:108E60000000E0FE422EE63F763C7935EF39EA3DE0
:108E70000000303E000000009C7500883CE4377E16
:108E80003C0F000000000000000000000000004057
:108E9000000000000000700170B504462DED028B4B
:108EA0004D1E00EBC500B0EE408AF0EE608A90EDFA
:108EB000000B35F0060017D053EC182B51EC100BBB
:108EC00000F0CEFB41EC100B6D1E04EBC50090EDE5
:108ED000001B51EC100B53EC112B00F0B7F841ECD8
:108EE000100B35F00600E7D1022D36D0042D1CD032
:108EF000062D1CBFBDEC028B70BD53EC182B51EC42
:108F0000100B00F0ADFB94ED0A1B53EC112B00F09D
:108F10009DF853EC182B00F0A3FB94ED081B53ECC9
:108F2000112B00F093F841EC100B53EC182B51EC83
:108F3000100B00F095FB94ED061B53EC112B00F089
:108F400085F853EC182B00F08BFB94ED040B53ECDD
:108F5000102B00F07BF841EC100B53EC182B51EC6C
:108F6000100B00F07DFB94ED021B53EC112B00F075
:108F70006DF853EC182B00F073FB94ED001B53ECD1
:108F8000112B00F063F8BDEC028B41EC100B70BDAF
:108F900010B553EC102B51EC100B00F057F841ECCE
:108FA000100B10BD000000009FED050B10B553EC39
:108FB000102B51EC100B00F053FB41EC100B10BDCB
:108FC00000000000000000709FED050B10B553EC91
:108FD000102B51EC100B00F043FB41EC100B10BDBB
:108FE000000000000000001021F0004201F00043EA
:108FF000A2F16052B2F5801F28BFD2F17F6C0BD96D
:109000005FEA001C43EAC20242EB507018BF70478F
:1090100028BF20F001007047B2F5801FBCBF184682
:1090200070474FEA410C1CF5001F02D2084600F0C1
:10903000EDBD70B500F0BEFB00000089FFF7F6BF84
:109040004FF00040A0F580007047000010B591EA95
:10905000030F48BF83F0004300F14A84841A71EB88
:10906000030C05D2121943EB0C03001B61EB0C013E
:109070004FEA1154A4EB135CDFF81CE11EEA430F26
:1090800018BF9EEA445F00F0748021EA045123EA8D
:109090000E0343F48013DCF1200E32D322FA0CFECF
:1090A00010EB0E0023FA0CFE41EB0E01CCF1200E6A
:1090B00003FA0EFE10EB0E00CCF1200E51F1000170
:1090C000B1F5801F32D201EB045112FA0EF2BDE865
:1090D000104058BF7047401C38BF5FEA420218BFBB
:1090E0007047002814BF20F0010041F100014FEA51
:1090F000410313F5001F38BF7047A1F1C04100F0D4
:10910000A7BB012A43EB0302ACF1200CDCF11F0EDC
:1091100032BF4FF0000E23FA0CF310EB030041EBCB
:109120000451B4EB115FD0D0A1EB045101F58011D3
:10913000490801EB04515FEA30000ED350F1000002
:1091400038BF12FA0EFE08D1BDE81040C9E7401C36
:1091500038BF5FEA4202CAD1C3E7BDE810404FEA18
:10916000410313F5001F38BF7047A1F1C04100F063
:109170006FBB9EEA445F08D011EA5E0FBDE8104065
:1091800004BF01F0004100207047BDE8104070B5F9
:1091900000F010FB64FBBE3E0000E0FF491058BF2A
:1091A000C1F140415B1058BFC3F140438B42EFF324
:1091B000008070472DE9C04130B4DFF8A8C23CEA16
:1091C000111418BF3CEA131400F0F0801CEA1114CB
:1091D00081EA030544EAD57418BF1CEA131500F0B0
:1091E000CB80A4EB050404F17F7404F500344FF048
:1091F000004545EAC12145EAC32341EA505143EA0B
:1092000052534FEAC0204FEAC222994208BF90420F
:1092100000F0A0804FEA13650FF24816765D4FEA22
:10922000134506FB05F7C7F1807706FB07F74FEA02
:10923000D737A7FB03687642A7FB06CEC8F5803870
:1092400038BFA8F1010807FB08E6A6FB028C4FF027
:10925000000EE6FB03CED8F100086FEA0C0C5CF1BF
:10926000000C6FEA0E0E4EF1004EA6FB0C584FF0AC
:109270000007E6FB0E87A1FB08C6A0FB07CE16EB96
:109280000E064FF0000545F10005E1FB076515F1FD
:10929000E04E7EBFA4F580345FEA46066D4116F1CC
:1092A000800745F100054FEA172747EA05674FEAAF
:1092B00015254FEA0666A6F1DE46B6F1805F20D995
:1092C000384605EBC47124F0010C01EB0C11BCF124
:1092D000FE6F02D8F0BCBDE8008124425CBF01F5FE
:1092E000801E9EEAC47F02D4F0BCBDE80081244207
:1092F00000F13980A1F1C041F0BCBDE8004100F0AF
:10930000A7BA4FEAD02040EA41504FEAD1214FEAB4
:10931000D22242EA43524FEAD323A7FB028607FB3D
:10932000036605FB02661EEA0E0F58BFA6EB005649
:10933000B6EB00564FEA520E4EEAC37E18EB0E0E05
:1093400056EB530EBCD518EB02085E417F1C55F15D
:109350000005B5E74FF480154FF000074FF0000609
:109360004FF00008ACE701F1C04101F000414FF0BF
:109370000000F0BCBDE800810CEA131511EA0C1FD7
:1093800000D00CE013EA0C1F00F025804FF0000025
:1093900081EA030101F00041F0BCBDE80081F0BCAE
:1093A000BDE8004181EA030100F052BAF0BCBDE81B
:1093B000004170B500F0FEF9097EFC3E00F007B8F0
:1093C0004FF0000081EA030101F00041704781EA9B
:1093D000030100F03DBAF0BCBDE8004122494FF066
:1093E00000007047FFFDFBF9F7F5F4F2F0EEEDEB4E
:1093F000E9E8E6E4E3E1E0DEDDDBDAD8D7D5D4D393
:10940000D1D0CFCDCCCBCAC8C7C6C5C4C2C1C0BFDE
:10941000BEBDBCBBBAB9B8B7B6B5B4B3B2B1B0AFE4
:10942000AEADACABAAA9A8A8A7A6A5A4A3A3A2A1C8
:10943000A09F9F9E9D9C9C9B9A9999989797969583
:1094400095949393929191908F8F8E8E8D8C8C8B1F
:109450008B8A8989888887878685858484838382A7
:10946000828181800000FF070000F87F51EA030C31
:1094700017D41CF5801F58BFBCF5801F00F1068073
:10948000994218BF704708BF9042704707D711F53F
:10949000801F58BF13F5801F19D499427047894225
:1094A00070471CF5801F08D5BCF5801FF7D58B428F
:1094B00018BF704708BF824270474FF4001C1CEB76
:1094C000410F38BF1CEB430F01D28B42704770B580
:1094D00000F070F9922449004FF000514FF0805392
:1094E000FFF75CBE4FEA41034FEA5353A3F5806395
:1094F000D3F11E03C8BFD3F1210C0CDD4FF00042A5
:1095000042EAC12242EA505232FA03FC8CEAE17C80
:10951000ACEBE1707047102BC4BF0020704703F51F
:10952000787CBCF1FF3F04D06FF0004282EA21005A
:10953000704770B500F03EF94992248000207047D2
:10954000F2E710F0004248BF4042B0FA80F310FA50
:1095500003F10AD0C3F11D0303F5806302EB03524C
:109560004FEA415002EBD12170474FF000007047A5
:1095700051EA030C17D41CF5801F58BFBCF5801F9F
:1095800000F10680994218BF704708BF90427047AB
:1095900007D711F5801F58BF13F5801F19D49942C2
:1095A0007047894270471CF5801F08D5BCF5801FA5
:1095B000F7D58B4218BF704708BF824270474FF4FF
:1095C000001C1CEB410F38BF1CEB430F01D28B4238
:1095D000704770B500F0EEF8922449004FF08051CA
:1095E0004FF00053FFF7DABD51EA030C17D41CF516
:1095F000801F58BFBCF5801F00F10680994218BF3C
:10960000704708BF9042704707D711F5801F58BFB9
:1096100013F5801F19D499427047894270471CF591
:10962000801F08D5BCF5801FF7D58B4218BF704747
:1096300008BF824270474FF4001C1CEB410F38BF3B
:109640001CEB430F01D28B42704770B500F0B2F8AB
:10965000922449004FF000514FF08053FFF79EBD18
:1096600070B5DFF848C11CEA111E1EBF1CEA1315B5
:109670009EEA0C0F95EA0C0F00F06F8081EA03045C
:109680004EEAD47EAE4421EA4C1123EA4C1341F455
:10969000801143F48013AEF17F7EA1FB024CA0FB4E
:1096A0000365361955EB0C05A1FB034C4CF1000387
:1096B000A0FB021C16EB0C06654153F100030942A6
:1096C00018BF46F0010613F4007F0BD14FEA0331B7
:1096D0004FEA053041EA155140EA165034036FF065
:1096E00003020AE04FEAC3214FEAC52041EA55517F
:1096F00040EA5650F4026FF0020202EB2E4201EBF8
:10970000025585EACE710AD05FEA440C18BF24F0F6
:10971000004450F1000041F1000120EAD47040F211
:10972000FE7C624500D270BDA84214BF4FF0804459
:109730004FF04044002E08BF0024BEF1806FA8BF48
:10974000A1F1C041BDE8704080F2828001F1C041CA
:1097500001F000414FF0000070470CEA13159EEA3B
:109760000C0F18BF95EA0C0F06D081EA030E4FF0DC
:1097700000000EF0004170BD00F01CF88900013EB1
:1097800000F007B800F009B84FEA430C5FEA5C5CF0
:1097900008D081EA030100F05BB84FEA410C5FEAB0
:1097A0005C5CF6D102494FF0000070470000FF07F3
:1097B0000000F87F0EF1020E2EF0030E5EF8046B2F
:1097C000364205D4012A43EB030515F5001F12D8D4
:1097D000012841EB010C1CF5001F0CD80ED14FEAFB
:1097E000D17C0CEB4C0C0CF1020C15F5001F08BFE2
:1097F0004CEBD37C04E04FF0080C01E04FEAD37C43
:109800000CEB4C0526FA05F606F00706B6F1040C3B
:1098100006D20EEB860CBDE870404CF0010C6047A0
:10982000DFE80CF0090B02024FF00041A1F5002126
:109830004FF0000070BD19461046012851EB01049D
:1098400018BFD4F5001484BF002001F0004170BDA2
:109850000808A0F500114FEA3101704753EA010CE6
:1098600017D41CF5801F58BFBCF5801F00F106807F
:109870008B4218BF704708BF8242704707D713F565
:10988000801F58BF11F5801F19D48B4270479B422F
:1098900070471CF5801F08D5BCF5801FF7D599428D
:1098A00018BF704708BF904270474FF4001C1CEB74
:1098B000430F38BF1CEB410F01D2994270470FB4E0
:1098C0000CBC03BCFFF7C1BE10B591EA030F81F0D9
:1098D00000413FF5C3AB83F0004300F009B800003E
:1098E00010B591EA030F48BF83F000433FF5B6ABD4
:1098F000841A71EB030C07D28CF0004C121943EB65
:109900000C03001B61EB0C014FEA1154A4EB135C38
:10991000DFF8A4E11EEA430F18BF9EEA445F00F09F
:10992000B48021EA045123EA6E035242C3EB6E0372
:1099300038BF5B1EDCF1200E25D322FA0CFE10EBA3
:109940000E0043FA0CFE41EB0E01CCF1200E03FA9F
:109950000EFE10EB0E00CCF1200E51F1000129D4C7
:1099600001EB045112FA0EF2BDE8104058BF7047E7
:10997000401C1CBFB2F1004F704700280CBF491CAF
:1099800020F00100704712EB020E43EB030218BFF8
:109990004FF0010E4EEA4202ACF1200CDCF11E0E3B
:1099A00056D943FA0CFE10EB0E00CCF11E0E51F10D
:1099B000FF31D5D50EF1010E12FA0EFE404141EBFA
:1099C000010101EB445C5FEA5C5C10D901EB0451DE
:1099D00010EBDE7038BFBEF1004FBDE8104018BF7D
:1099E000704700280CBF491C20F00100704734D29A
:1099F0004FEAD42C24F4006411F500111BD0B1FA05
:109A000081F20B3AA41AA41ED2F12003914030FA3D
:109A100003F31943904001EBCC7101EB0451002C8E
:109A2000BDE81040A8BF704701F1C04101F00041FE
:109A30004FF000007047B0FA80F310FA03F102D142
:109A4000BDE810407047E41A173C4805C90AE2E730
:109A500001EB0451BDE81040704749104FEA300057
:109A600001EB0451BDE8104002E04FF000017047E7
:109A70004A0008BF0042F8D0B2F5001F28BF704767
:109A800001F000414FF0000070479EEA445F07D0AC
:109A900011EA5E0FBDE8104004BF002100207047AE
:109AA000BDE8104070B5FFF785FE00BF40DFF63E11
:109AB000104683F0004170470000E0FF43004FEA8A
:109AC000D30C4FEA3C0C43401FBF40070CF16051E0
:109AD00013F0FE4F70471CF0006F03D10CF00041F3
:109AE000002070470CF0004343EA507040EACC007D
:109AF00010B500F038F800BF000000924FEA0001F6
:109B0000FFF7A6BE4FF00041A1F500214FF0000085
:109B1000704710B5FFF7AAFC0CBF0120002010BD54
:109B200010B5FFF7A3FC14BF0120002010BD10B535
:109B3000FFF71EFD8CBF0120002010BD10B5FFF700
:109B400017FD2CBF0120002010BD10B5FFF74CFD04
:109B500094BF0120002010BD10B5FFF745FD34BFB4
:109B60000120002010BD0EF1020E2EF0030E5EF853
:109B7000044B244204D44FEA4102B2F17F4F11D882
:109B80004FEA4003B3F17F4F0CD80ED14FEAD07C9F
:109B90000CEB4C0C0CF1020CB2F17F4F08BF4CEBFC
:109BA000D17C04E04FF0080C01E04FEAD17C0CEBD3
:109BB0004C0324FA03F404F00704B4F1040C06D2B5
:109BC0000EEB840CBDE810404CF0010C6047DFE860
:109BD0000CF0070802024FF00040A0F5800010BD15
:109BE0000846420018BFD2F1807288BF00F00040E2
:109BF00010BDF1EE100A4FF6FF71C0F2C03120EA3D
:109C0000010040F04070E1EE100A7047FF2141EA88
:109C1000D050C00570470000000000000000E03F89
:109C2000000000000000E0BF0000E0FE422EE63F22
:109C30000000E0FE422EE6BF763C7935EF39EA3D82
:109C4000763C7935EF39EABD3E5555555555C53FFA
:109C500093BDBE166CC166BF2CDE25AF6A56113FA0
:109C6000F16BD2C541BDBBBED0A4BE726937663EA2
:109C700000000000000000000102030406070809BC
:109C80000000000001020304000610160006101672
:109C9000B09C00080000002028000000EC01000833
:109CA000D89C000828000020400E00000C0200088C
:109CB000FFAA000000FFAA6988B5FFAA010800FFFB
:109CC000AA0104000024F400FFAA76000057010056
:089CD00001000000100000007B
:040000050800018965
:00000001FF
